z,fz,Q,theta,delta fz,f,delta f,pred,predz,cost
1.220165e-06,2.604179,22.0,0.0022092220316210737,0.2604179,0.0028766024705870813,0.00028766024705870815,0.002613649039825724,2.3661281016334534,0.8355991406167754
1.39126e-06,2.578096,22.0,0.002359034247470928,0.2578096,0.003040905558170588,0.0003040905558170588,0.002790876948931988,2.3661204075217555,0.676041793928107
1.586345e-06,2.563829,22.0,0.0025190044373579615,0.2563829,0.003229144898783936,0.0003229144898783936,0.0029801197017704415,2.3661116346150193,0.594718595786806
1.80879e-06,2.602354,22.0,0.0026898260840260277,0.2602354,0.003499935614096268,0.0003499935614096268,0.0031821971054795954,2.3661016313786014,0.8241753011656535
2.062425e-06,2.614224,22.0,0.0028722300867943832,0.2614224,0.003754321251197459,0.0003754321251197459,0.0033979730949632737,2.366090225596431,0.9009198765416992
2.35162e-06,2.59679,22.0,0.0030669997348430574,0.259679,0.0039821708776746866,0.00039821708776746867,0.0036283734159864365,2.366077220774938,0.789350051374392
2.68137e-06,2.583825,22.0,0.003274979326081065,0.2583825,0.004230979165375744,0.0004230979165375744,0.0038743957837299174,2.366062392322587,0.7102977272855556
3.05736e-06,2.58823,22.0,0.003497063405673159,0.25882299999999997,0.004525592984965513,0.0004525592984965513,0.004137097107810367,2.3660454846293746,0.7369225453395927
3.48607e-06,2.59553,22.0,0.003734206234746547,0.25955300000000003,0.004846110891616579,0.0004846110891616579,0.004417604638911915,2.3660262063483604,0.7818575450605653
3.974895e-06,2.577259,22.0,0.003987430383888167,0.2577259,0.005138306805677965,0.0005138306805677965,0.004717126067500031,2.366004225003648,0.6718880832499666
4.532265e-06,2.569213,22.0,0.0042578266038823245,0.2569213,0.0054696152046632,0.00054696152046632,0.005036949289997374,2.3659791615997023,0.6257369737954247
5.167795e-06,2.575123,22.0,0.00454656085499467,0.2575123,0.005853956546183261,0.0005853956546183262,0.005378450624871081,2.3659505838833237,0.6598008491776802
5.89244e-06,2.579362,22.0,0.004854874488034057,0.2579362,0.0062612147885979935,0.0006261214788597994,0.005743094907324662,2.365917999382958,0.6847677680854708
6.718695e-06,2.581548,22.0,0.005184094924681351,0.2581548,0.006691464970208056,0.0006691464970208056,0.0061324479760031915,2.3658808464273937,0.6979231497191344
7.66081e-06,2.57608,22.0,0.005535640726321139,0.257608,0.0071300902660629654,0.0007130090266062966,0.0065481824902043715,2.3658384844936986,0.6660675335606835
8.735025e-06,2.566587,22.0,0.005911023746748586,0.2566587,0.007585534179018961,0.0007585534179018962,0.006992080260106283,2.3657901836606503,0.6120708055264211
9.95986e-06,2.582032,22.0,0.006311859651945859,0.2582032,0.008148657693658874,0.0008148657693658874,0.007466044424802227,2.3657351115954186,0.7017417297032915
1.135645e-05,2.596098,22.0,0.006739879224411135,0.2596098,0.008748627251200587,0.0008748627251200587,0.007972112498549613,2.3656723185251103,0.7878065656546891
1.29489e-05,2.595757,22.0,0.007196931538287445,0.2595757,0.009340662074480468,0.0009340662074480469,0.008512459733709633,2.3656007213197374,0.786172025622139
1.476465e-05,2.577569,22.0,0.007684978247343092,0.2577569,0.009904183358994208,0.0009904183358994208,0.009089391895319784,2.365519087139229,0.6767925926859177
1.6835e-05,2.591556,22.0,0.00820611832067986,0.25915560000000004,0.010633188243910558,0.0010633188243910558,0.00970537392993181,2.365426009904648,0.7613688979662848
1.919565e-05,2.57904,22.0,0.008762596150824118,0.257904,0.01129939838665904,0.001129939838665904,0.010363038845904471,2.365319886118637,0.6867120022003803
2.18873e-05,2.58928,22.0,0.00935680708073451,0.258928,0.012113519961076822,0.0012113519961076823,0.011065193390414256,2.365198888018749,0.7489493847804134
2.49564e-05,2.588466,22.0,0.009991317752941625,0.2588466,0.012930878006271618,0.0012930878006271618,0.01181484105396025,2.3650609300271426,0.7449053955278921
2.845585e-05,2.582582,22.0,0.010668855592966611,0.2582582,0.013776335856650078,0.0013776335856650079,0.01261516837753859,2.3649036374990504,0.7104316219138543
3.2446e-05,2.57766,22.0,0.011392339693038855,0.257766,0.014682471566687071,0.0014682471566687073,0.013469579901126995,2.364724302052448,0.6824104781129721
3.699565e-05,2.582663,22.0,0.012164884912735352,0.2582663,0.015708511639157187,0.0015708511639157187,0.014381701127981528,2.3645198369849507,0.713424025166994
4.21833e-05,2.586059,22.0,0.012989825735080921,0.2586059,0.01679575552578252,0.0016795755525782522,0.015355404408136332,2.3642867215674435,0.735423763220574
4.80984e-05,2.588317,22.0,0.013870713200377851,0.2588317,0.017950325779216094,0.0017950325779216094,0.016394802537838607,2.364020945484143,0.7509453610850747
5.484285e-05,2.584962,22.0,0.014811327099046718,0.2584962,0.01914265893761249,0.001914265893761249,0.0175042597890254,2.363717942226581,0.7325460045022477
6.253305e-05,2.585243,22.0,0.015815733116644838,0.25852430000000004,0.020442904384092405,0.0020442904384092406,0.018688455205613432,2.3633724980253423,0.7365400893380681
7.13016e-05,2.579383,22.0,0.016888255647502633,0.2579383,0.02177960441892552,0.002177960441892552,0.019952345515069178,2.3629786768291847,0.7038825499810054
8.12997e-05,2.578624,22.0,0.018033513613187814,0.2578624,0.023249565299893336,0.0023249565299893337,0.021301201285828353,2.3625297142531885,0.7022803627339018
9.26998e-05,2.580116,22.0,0.019256444589721075,0.2580116,0.024840395147564052,0.0024840395147564054,0.022740627941770095,2.3620179008449402,0.7145379457450551
0.0001056987,2.581243,22.0,0.02056233685957577,0.25812430000000003,0.02653632397978127,0.0026536323979781274,0.024276594459412635,2.361434445854025,0.7251559197347701
0.00012052,2.580046,22.0,0.02195676132778978,0.2580046,0.028322451284378505,0.002832245128437851,0.02591534240322084,2.360769371079793,0.7223202553327306
0.0001374195,2.579528,22.0,0.023445749735738663,0.2579528,0.030236713581558047,0.003023671358155805,0.02766358222363213,2.3600112735031016,0.7241937005129055
0.000156689,2.576901,22.0,0.025035749199750143,0.2576901,0.032253953925374945,0.0032253953925374945,0.0295284234218175,2.3591471613110264,0.7140624100736995
0.00017866,2.579774,22.0,0.026733547524596408,0.2579774,0.03447914813240373,0.003447914813240373,0.03151726745665334,2.3581622963389623,0.7379417162994304
0.000203712,2.579317,22.0,0.028546511826334074,0.25793170000000004,0.03681025168067406,0.0036810251680674064,0.033638063669244385,2.357039832865811,0.7426432965871034
0.0002322775,2.578118,22.0,0.03048248588991653,0.2578118,0.039287637891842093,0.003928763789184209,0.03589915966603746,2.355760607819673,0.7438708867308085
0.000264848,2.572651,22.0,0.03254973946383818,0.2572651,0.04186216691680046,0.004186216691680046,0.038309207339025556,2.3543028903837766,0.7203393223882352
0.0003019855,2.574321,22.0,0.03475720951462861,0.2574321,0.044729099974967254,0.004472909997496726,0.04087740198280004,2.352641891043121,0.7415221618914145
0.0003443305,2.572968,22.0,0.03711441921538254,0.2572968,0.04773614546322652,0.004773614546322653,0.04361333563776126,2.350749434842085,0.7459194099510011
0.0003926135,2.573007,22.0,0.03963154766337388,0.2573007,0.050972778853347125,0.0050972778853347125,0.04652701545635943,2.3485934875700814,0.7607046498705982
0.000447667,2.57077,22.0,0.042319443184815786,0.257077,0.054380542080769916,0.005438054208076992,0.04962880319957452,2.34613767203484,0.7635158716860498
0.00051044,2.569904,22.0,0.04518968348266161,0.2569904,0.05804681315718967,0.005804681315718967,0.05292939313016719,2.343340688737558,0.7772225024646778
0.0005820155,2.568532,22.0,0.048254676419042325,0.2568532,0.061947792685064444,0.006194779268506445,0.056439816763336564,2.340155623748607,0.7905555530048738
0.0006636275,2.567051,22.0,0.051527637340215614,0.2567051,0.06610777365359582,0.006610777365359583,0.06017128233460572,2.3365293058833814,0.8064075983456404
0.000756683,2.563672,22.0,0.05502268381123486,0.2563672,0.07049447407155762,0.007049447407155763,0.06413512156838937,2.3324014761011593,0.8137961823269554
0.000862787,2.561007,22.0,0.05875492313143915,0.2561007,0.07519260470286604,0.007519260470286605,0.06834269367247073,2.327703869093152,0.8298882258051008
0.0009837675,2.554414,22.0,0.06274042616576211,0.2554414,0.08007995007814828,0.008007995007814827,0.0728051212708072,2.322359352926161,0.8252736299776372
0.001121715,2.544145,22.0,0.06699655710384739,0.2544145,0.08516073663273764,0.008516073663273765,0.07753337718596746,2.3162805032027363,0.8021758960397992
0.001279005,2.53056,22.0,0.07154161465499748,0.253056,0.0904429771832567,0.00904429771832567,0.08253754505944728,2.309369024887666,0.7640143724154326
0.00145835,2.515241,22.0,0.07639527420340185,0.25152410000000003,0.09598283622034079,0.00959828362203408,0.08782690845375261,2.30151399713807,0.7220372173514368
0.001662845,2.500244,22.0,0.08157861246109428,0.2500244,0.10187013822525101,0.010187013822525102,0.09340949050994221,2.2925905693200455,0.689784503864598
0.001896015,2.489404,22.0,0.08711405177490884,0.2489404,0.10829394188061564,0.010829394188061565,0.09929141987711107,2.2824587739196867,0.6910668466559267
0.00216188,2.480846,22.0,0.0930255815816471,0.24808460000000002,0.11522471522882059,0.01152247152288206,0.10547649117758999,2.270961839326889,0.7157472989866863
0.002465025,2.466905,22.0,0.09933887691053876,0.24669050000000003,0.12232836048998302,0.012232836048998302,0.11196548623539918,2.25792462774121,0.717639188563037
0.00281068,2.446788,22.0,0.10608142649692881,0.24467880000000003,0.12953611055939176,0.012953611055939177,0.11875536224050022,2.243152075594274,0.6926536212583213
0.0032048,2.420964,22.0,0.11328246898391006,0.24209640000000002,0.13683328913663448,0.013683328913663449,0.12583809214550815,2.2264281801247296,0.6456876746285484
0.003654185,2.388782,22.0,0.12097346349831077,0.2388782,0.14413744971663703,0.014413744971663704,0.1331998629884627,2.2075139787392772,0.5758234565443192
0.004166585,2.350678,22.0,0.12918799795739358,0.2350678,0.15141768889751697,0.015141768889751698,0.14081951481580976,2.186147060217258,0.4899016150100328
0.004750835,2.308246,22.0,0.13796198895314798,0.23082460000000002,0.15872048293823368,0.015872048293823368,0.1486670737365447,2.1620409157753486,0.40119985495335236
0.00541701,2.261828,22.0,0.1473339022792657,0.22618280000000002,0.1660198084330034,0.01660198084330034,0.15670209012772762,2.1348848577454413,0.31499186404537316
0.006176595,2.21167,22.0,0.15734489294201015,0.221167,0.1732804232113829,0.01732804232113829,0.16487170450378758,2.104345060694302,0.23548359050429848
0.007042695,2.15596,22.0,0.1680391688532051,0.215596,0.18029157262736678,0.01802915726273668,0.17310872163793473,2.070066138220987,0.15872409516205252
0.00803024,2.094,22.0,0.17946395130427908,0.2094,0.18689176110209685,0.018689176110209687,0.18132923781249619,2.031675563118801,0.08858564909972866
0.00915626,2.024388,22.0,0.191669955662513,0.20243880000000003,0.19282147353565127,0.019282147353565128,0.1894306491093582,1.988788519543663,0.030924295260316925
0.01044018,1.946731,22.0,0.20471166183995812,0.19467310000000002,0.1978704604449399,0.01978704604449399,0.19728956387637592,1.9410159005593144,0.0008618579526077678
0.01190415,1.862006,22.0,0.21864755634937835,0.18620060000000002,0.20194346746682068,0.02019434674668207,0.20475999209443857,1.8879755736710766,0.019452144543400638
0.0135734,1.771443,22.0,0.23354023966987328,0.17714430000000003,0.20497641533582825,0.020497641533582828,0.21167206464844104,1.8293080040583942,0.1067032409765574
0.01547665,1.676218,22.0,0.24945667276296887,0.16762180000000002,0.20691024312688078,0.02069102431268808,0.21783183459488642,1.764695824638635,0.2786171674101369
0.0176468,1.577478,22.0,0.2664701961882211,0.1577478,0.20769695288895623,0.020769695288895624,0.22302300717826024,1.693880831779186,0.5445032409815186
0.0201213,1.47557,22.0,0.28465925478455767,0.14755700000000002,0.20719248238526491,0.020719248238526493,0.2270092040703768,1.616699444853739,0.914777833649576
1.220165e-06,13.93434,59.5,0.0022092220316210737,1.393434,0.015392012941506862,0.0015392012941506863,0.01518530830866528,13.74721095816931,0.018034727363529988
1.39126e-06,13.94377,59.5,0.002359034247470928,1.3943770000000002,0.016446900229802264,0.0016446900229802265,0.016214660447902998,13.746875870504057,0.019939079920131827
1.586345e-06,13.85712,59.5,0.0025190044373579615,1.385712,0.01745305492676651,0.0017453054926766512,0.01731372114126549,13.746493809121473,0.006373382183043113
1.80879e-06,13.85786,59.5,0.0026898260840260277,1.3857860000000002,0.018637594174028632,0.0018637594174028633,0.018487230627500902,13.746058178508017,0.006508867328727093
2.062425e-06,13.89601,59.5,0.0028722300867943832,1.389601,0.019956241565318198,0.0019956241565318197,0.01974018048505945,13.74556148382729,0.011721834400702617
2.35162e-06,13.95346,59.5,0.0030669997348430574,1.395346,0.021397595513999453,0.0021397595513999454,0.02107791523328783,13.744995174745219,0.022320388449589976
2.68137e-06,13.81987,59.5,0.003274979326081065,1.381987,0.0226298538168031,0.00226298538168031,0.022506189966395484,13.744349479621572,0.002986221597633262
3.05736e-06,13.89433,59.5,0.003497063405673159,1.3894330000000001,0.024294626976271768,0.002429462697627177,0.024031094548711773,13.7436132790643,0.011766509634740885
3.48607e-06,13.84949,59.5,0.003734206234746547,1.384949,0.025858365856813403,0.0025858365856813404,0.025659116359534866,13.742773901413397,0.005937345437001476
3.974895e-06,13.87285,59.5,0.003987430383888167,1.387285,0.027658438507402457,0.002765843850740246,0.02739719649601685,13.741816889194384,0.008921352964061848
4.532265e-06,13.87513,59.5,0.0042578266038823245,1.3875130000000002,0.029538859570879684,0.0029538859570879686,0.029252725473865746,13.740725766012073,0.009383217394810423
5.167795e-06,13.85462,59.5,0.00454656085499467,1.3854620000000002,0.031495327968365606,0.0031495327968365607,0.031233587329204587,13.739481745279322,0.006906373268971598
5.89244e-06,13.88118,59.5,0.004854874488034057,1.3881180000000002,0.033695560956232856,0.003369556095623286,0.033348155828438246,13.738063429894405,0.01062984831523507
6.718695e-06,13.86455,59.5,0.005184094924681351,1.386455,0.03593741067479593,0.003593741067479593,0.03560536161506618,13.73644642479432,0.00853711131936714
7.66081e-06,13.86984,59.5,0.005535640726321139,1.386984,0.03838902952386989,0.003838902952386989,0.038014719495573036,13.734602921405846,0.009507113061887004
8.735025e-06,13.83591,59.5,0.005911023746748586,1.383591,0.040891958154089546,0.004089195815408955,0.04058633412938433,13.732501244573692,0.005585977290166063
9.95986e-06,13.88372,59.5,0.006311859651945859,1.3883720000000002,0.04381575510861429,0.004381575510861429,0.043330961095171254,13.730105293973946,0.012242042849005786
1.135645e-05,13.90399,59.5,0.006739879224411135,1.3903990000000002,0.04685525192593671,0.004685525192593671,0.04626007084138029,13.727373900252156,0.01613547245618709
1.29489e-05,13.84272,59.5,0.007196931538287445,1.3842720000000002,0.049812124059244484,0.004981212405924449,0.04938585400809953,13.724260145620628,0.007323176813904138
1.476465e-05,13.8512,59.5,0.007684978247343092,1.3851200000000001,0.053222561468616585,0.005322256146861659,0.05272116257066553,13.720710669466843,0.00887513986039187
1.6835e-05,13.8617,59.5,0.00820611832067986,1.3861700000000001,0.056874736830157244,0.005687473683015725,0.05627965495779454,13.716664667093525,0.010947492123211876
1.919565e-05,13.85797,59.5,0.008762596150824118,1.3857970000000002,0.060715120300720175,0.006071512030072018,0.06007582202816645,13.712052867031783,0.011086981992122309
2.18873e-05,13.84994,59.5,0.00935680708073451,1.384994,0.06479466285983607,0.006479466285983607,0.06412498911229676,13.706796401227706,0.010681889456191019
2.49564e-05,13.84475,59.5,0.009991317752941625,1.3844750000000001,0.06916249750907641,0.006916249750907641,0.06844341133158405,13.700805395418147,0.010809871868482446
2.845585e-05,13.84359,59.5,0.010668855592966611,1.3843590000000001,0.07384623036239023,0.007384623036239023,0.07304814935331175,13.693977674194732,0.011679850709044143
3.2446e-05,13.85275,59.5,0.011392339693038855,1.385275,0.07890591000963058,0.007890591000963058,0.07795721579944177,13.686196902537604,0.014455510534984353
3.699565e-05,13.84548,59.5,0.012164884912735352,1.3845480000000001,0.08421225832782599,0.008421225832782599,0.08318952545438271,13.677330756341458,0.014749381300391898
4.21833e-05,13.82878,59.5,0.012989825735080921,1.382878,0.0898141953063835,0.00898141953063835,0.08876496282596555,13.66722864287814,0.013647512044571862
4.80984e-05,13.83485,59.5,0.013870713200377851,1.383485,0.09594654155831289,0.00959465415583129,0.09470424728923539,13.655719469712974,0.016764488742389304
5.484285e-05,13.80798,59.5,0.014811327099046718,1.3807980000000002,0.10225351543170635,0.010225351543170636,0.10102887813955083,13.642608988881744,0.014343609887786702
6.253305e-05,13.82485,59.5,0.015815733116644838,1.382485,0.10932051133081876,0.010932051133081877,0.10776135186503902,13.627676153316681,0.020341255863578947
7.13016e-05,13.81582,59.5,0.016888255647502633,1.381582,0.11665700453289783,0.011665700453289784,0.11492477624822171,13.610670259735198,0.02204898541388315
8.12997e-05,13.8193,59.5,0.018033513613187814,1.38193,0.12459851368358317,0.012459851368358317,0.1225428664755581,13.591306867321052,0.027218954648841085
9.26998e-05,13.81342,59.5,0.019256444589721075,1.381342,0.1329904590100849,0.013299045901008492,0.13063981036282482,13.569263409529304,0.031241686461774873
0.0001056987,13.81659,59.5,0.02056233685957577,1.381659,0.1420406790588124,0.01420406790588124,0.13924012333381752,13.544174164756171,0.03887433361938317
0.00012052,13.79377,59.5,0.02195676132778978,1.379377,0.15142109049719335,0.015142109049719335,0.14836777361627354,13.515626772697686,0.040660341186806094
0.0001374195,13.75437,59.5,0.023445749735738663,1.375437,0.16122598637610236,0.016122598637610237,0.1580468398629048,13.483153439880939,0.03888221532839551
0.000156689,13.69521,59.5,0.025035749199750143,1.369521,0.1714170130471967,0.017141701304719672,0.16830058483165786,13.4462257358186,0.033052659448952124
0.00017866,13.64181,59.5,0.026733547524596408,1.364181,0.18232526871892907,0.018232526871892907,0.1791502387071714,13.404250190166579,0.030325079280398626
0.000203712,13.56114,59.5,0.028546511826334074,1.356114,0.19353533376349483,0.019353533376349485,0.1906156491174529,13.356555899149402,0.022758904867241855
0.0002322775,13.48761,59.5,0.03048248588991653,1.348761,0.20553610723263574,0.020553610723263574,0.20271355403107105,13.302389518306885,0.018858537917908143
0.000264848,13.43746,59.5,0.03254973946383818,1.343746,0.21865429607740403,0.021865429607740405,0.2154560293058716,13.240909634501659,0.021395051812964735
0.0003019855,13.41685,59.5,0.03475720951462861,1.341685,0.23311918948691304,0.023311918948691307,0.2288505159354008,13.171172443958126,0.033529713113072
0.0003443305,13.35599,59.5,0.03711441921538254,1.3355990000000002,0.24779300848102223,0.024779300848102224,0.2428975584039577,13.092126291029452,0.03903077323057604
0.0003926135,13.26757,59.5,0.03963154766337388,1.326757,0.26283834887790924,0.026283834887790927,0.25758918510531065,13.002602395037732,0.039884374460783335
0.000447667,13.14896,59.5,0.042319443184815786,1.314896,0.2781452921102862,0.027814529211028623,0.2729066129979014,12.90130820054308,0.03547318366075417
0.00051044,12.99074,59.5,0.04518968348266161,1.299074,0.29342382343995344,0.029342382343995346,0.28881786417217503,12.786820568384579,0.02464049581031741
0.0005820155,12.7946,59.5,0.048254676419042325,1.2794600000000003,0.30857985350711054,0.030857985350711055,0.30527518845011253,12.657579170358275,0.011468847012635158
0.0006636275,12.57541,59.5,0.051527637340215614,1.257541,0.3238472308813363,0.032384723088133636,0.3222113835351001,12.51188791577421,0.0025515563960878487
0.000756683,12.3274,59.5,0.05502268381123486,1.2327400000000002,0.3389722162857493,0.03389722162857493,0.3395363585742732,12.347916158296842,0.00027698044340140866
0.000862787,12.06611,59.5,0.05875492313143915,1.206611,0.3542677702682183,0.035426777026821836,0.3571332334505556,12.163705651822504,0.006542238576302202
0.0009837675,11.77152,59.5,0.06274042616576211,1.1771520000000002,0.3690328717051833,0.03690328717051833,0.3748535886737028,11.957190956336936,0.02487842364757553
0.001121715,11.44121,59.5,0.06699655710384739,1.144121,0.38297419037430813,0.038297419037430815,0.3925141105290891,11.726211529130207,0.06205124023203226
0.001279005,11.07325,59.5,0.07154161465499748,1.1073250000000001,0.39576129279467676,0.03957612927946768,0.4098902424051119,11.468572620281918,0.12745389746315355
0.00145835,10.66907,59.5,0.07639527420340185,1.066907,0.4071369695521627,0.040713696955216275,0.4267136793797439,11.182079879082947,0.23120558877649286
0.001662845,10.22297,59.5,0.08157861246109428,1.022297,0.416525493900833,0.0416525493900833,0.4426686790058021,10.864613791186946,0.3939433917536893
0.001896015,9.748432,59.5,0.08711405177490884,0.9748432,0.4240758544756631,0.042407585447566315,0.457389665267084,10.514232306085734,0.6171085135860553
0.00216188,9.245302,59.5,0.0930255815816471,0.9245302000000001,0.42940484421622527,0.04294048442162253,0.47046193711304224,10.129281834382097,0.9142027252982141
0.002465025,8.718522,59.5,0.09933887691053876,0.8718522000000001,0.43233221472081323,0.04323322147208133,0.4814250514633918,9.708540699992042,1.2894397676529807
0.00281068,8.178151,59.5,0.10608142649692881,0.8178151,0.4329618553415336,0.04329618553415336,0.48978047234473604,9.25138926274906,1.722193894111268
0.0032048,7.627709,59.5,0.11328246898391006,0.7627709,0.4311193851073824,0.043111938510738246,0.4950046658368588,8.758018486469458,2.1958694303445463
0.003654185,7.073674,59.5,0.12097346349831077,0.7073674,0.42682058492021563,0.042682058492021564,0.49656963443587765,8.229621148556289,2.6704587522513368
0.004166585,6.522336,59.5,0.12918799795739358,0.6522336000000001,0.4201328481965949,0.04201328481965949,0.493970713783486,7.668629061701249,3.0887658836127274
0.004750835,5.979333,59.5,0.13796198895314798,0.5979333,0.41115315326378454,0.04111531532637846,0.48676339676173935,7.0789203933996125,3.381847522613504
0.00541701,5.449967,59.5,0.1473339022792657,0.5449967,0.40003151314166696,0.0400031513141667,0.4746083030447584,6.465989564686909,3.4755133518614327
0.006176595,4.933445,59.5,0.15734489294201015,0.4933445,0.38652666875712965,0.03865266687571297,0.45732273433064186,5.837052755828036,3.354743484023215
0.007042695,4.435663,59.5,0.1680391688532051,0.4435663,0.3709311202040036,0.03709311202040036,0.43493465312431145,5.2010290946208935,2.9772914634606913
0.00803024,3.960497,59.5,0.17946395130427908,0.39604970000000006,0.3534786337963569,0.03534786337963569,0.4077339860672669,4.5683927519867416,2.355910781818535
0.00915626,3.512098,59.5,0.191669955662513,0.3512098,0.3345247608470381,0.03345247608470381,0.37631069779916665,3.9507988759115484,1.5602843466656788
0.01044018,3.096691,59.5,0.20471166183995812,0.30966910000000003,0.3147551839600342,0.031475518396003425,0.3415699018304108,3.3605052268286766,0.7257727877465925
0.01190415,2.716143,59.5,0.21864755634937835,0.27161430000000003,0.29457871540464037,0.029457871540464038,0.304712243093782,2.8095785024950137,0.1183364642873847
0.0135734,2.372218,59.5,0.23354023966987328,0.23722180000000004,0.27449302181053964,0.027449302181053965,0.2671700555118753,2.3089316098670105,0.07117237435694332
0.01547665,2.064241,59.5,0.24945667276296887,0.2064241,0.254807314551255,0.0254807314551255,0.2304943868128323,1.8672774930611364,0.9104387566642178
0.0176468,1.791323,59.5,0.2664701961882211,0.17913230000000002,0.23585262598901777,0.023585262598901778,0.19619596279839138,1.4901268925632727,2.827163371329063
0.0201213,1.550688,59.5,0.28465925478455767,0.1550688,0.21774019268827755,0.021774019268827757,0.16557146864397915,1.1791561603702823,5.740414115898966
1.220165e-06,28.60036,91.2,0.0022092220316210737,2.860036,0.03159224701361924,0.0031592247013619242,0.03303512212176157,29.906590212435333,0.20859142433156166
1.39126e-06,28.53558,91.2,0.002359034247470928,2.853558,0.03365817402750769,0.003365817402750769,0.03527327960262159,29.904875146832463,0.23026118181040234
1.586345e-06,28.61842,91.2,0.0025190044373579615,2.861842,0.03604492536524712,0.0036044925365247126,0.037662753914371065,29.902919730202235,0.20145438671751958
1.80879e-06,28.3669,91.2,0.0026898260840260277,2.8366900000000004,0.0381509677666864,0.0038150967766686405,0.040213779772644107,29.900690236977894,0.29235342271189535
2.062425e-06,28.61303,91.2,0.0028722300867943832,2.861303,0.04109154632126031,0.0041091546321260315,0.04293712157814325,29.898148349637946,0.20172445418524254
2.35162e-06,28.51048,91.2,0.0030669997348430574,2.8510480000000005,0.04372074875693707,0.004372074875693708,0.04584429059562046,29.895250362866662,0.23591006050298338
2.68137e-06,28.49494,91.2,0.003274979326081065,2.849494,0.04666008629014422,0.004666008629014422,0.048947665641062295,29.891946339515027,0.24035948241596447
3.05736e-06,28.4788,91.2,0.003497063405673159,2.84788,0.049795983162329416,0.004979598316232942,0.05226032282292793,29.888179469373448,0.2449133790366232
3.48607e-06,28.53153,91.2,0.003734206234746547,2.8531530000000003,0.053271184801364335,0.005327118480136434,0.05579616522589645,29.883885030220878,0.2246628784954787
3.974895e-06,28.43194,91.2,0.003987430383888167,2.8431940000000004,0.056685040502575626,0.005668504050257563,0.05957003683643885,29.878989202706173,0.259032113249508
4.532265e-06,28.5378,91.2,0.0042578266038823245,2.8537800000000004,0.060754318457690144,0.006075431845769015,0.06359770327067342,29.873407890531496,0.21903674261729275
5.167795e-06,28.41798,91.2,0.00454656085499467,2.8417980000000003,0.06460181515613235,0.006460181515613235,0.06789593547140656,29.86704524701837,0.2600096539084846
5.89244e-06,28.41288,91.2,0.004854874488034057,2.8412880000000005,0.06897021218528464,0.006897021218528464,0.07248248685516728,29.859792160489288,0.2593306323823635
6.718695e-06,28.48952,91.2,0.005184094924681351,2.848952,0.07384585725233146,0.007384585725233147,0.07737622123059494,29.851524300692724,0.22855287750742181
7.66081e-06,28.5396,91.2,0.005535640726321139,2.8539600000000003,0.07899208260509401,0.007899208260509402,0.08259715029981535,29.842100030219914,0.20828582761059086
8.735025e-06,28.46234,91.2,0.005911023746748586,2.8462340000000004,0.08412029394867912,0.008412029394867912,0.08816641974010284,29.83135813524962,0.2313540987081951
9.95986e-06,28.50854,91.2,0.006311859651945859,2.850854,0.08997035428142709,0.00899703542814271,0.09410640964907045,29.819115031435846,0.21133616702965236
1.135645e-05,28.56755,91.2,0.006739879224411135,2.856755,0.09627018950364559,0.009627018950364559,0.10044083412462683,29.80516155303014,0.1876820408491991
1.29489e-05,28.5103,91.2,0.007196931538287445,2.85103,0.10259245296923424,0.010259245296923424,0.10719470552641974,29.789259585072738,0.2012380348726692
1.476465e-05,28.47166,91.2,0.007684978247343092,2.847166,0.10940096702549612,0.010940096702549612,0.1143941504572282,29.771138650428906,0.2083112475330848
1.6835e-05,28.45408,91.2,0.00820611832067986,2.8454080000000004,0.11674746327970167,0.011674746327970168,0.12206665448883045,29.750490970722666,0.2075851578613791
1.919565e-05,28.46546,91.2,0.008762596150824118,2.846546,0.12471406911079604,0.012471406911079605,0.13024103425845576,29.72696647199501,0.19640048374868424
2.18873e-05,28.49618,91.2,0.00935680708073451,2.849618,0.13331468409922376,0.013331468409922376,0.13894734041593976,29.700167312904043,0.17851328019708637
2.49564e-05,28.49416,91.2,0.009991317752941625,2.849416,0.14234473500953249,0.014234473500953249,0.1482169397788905,29.66964107585184,0.17018432886886448
2.845585e-05,28.49699,91.2,0.010668855592966611,2.849699,0.15201225174790142,0.015201225174790143,0.15808210014922597,29.634874658671595,0.15944044739554414
3.2446e-05,28.49678,91.2,0.011392339693038855,2.8496780000000004,0.1623189877998405,0.01623189877998405,0.1685761260394196,29.595285444493953,0.1485979603412798
3.699565e-05,28.54725,91.2,0.012164884912735352,2.854725,0.17363272284883083,0.017363272284883085,0.1797330359950967,29.550212814885736,0.12343579166553366
4.21833e-05,28.61144,91.2,0.012989825735080921,2.8611440000000004,0.18582358387051304,0.018582358387051304,0.1915874466662988,29.498907624479635,0.09621119410702447
4.80984e-05,28.58805,91.2,0.013870713200377851,2.8588050000000003,0.19826196362057608,0.01982619636205761,0.2041739730566106,29.440522245666223,0.08891835727821806
5.484285e-05,28.53906,91.2,0.014811327099046718,2.8539060000000003,0.21134294894085837,0.021134294894085838,0.21752673975029185,29.374098868447213,0.08561188372416323
6.253305e-05,28.44481,91.2,0.015815733116644838,2.844481,0.22492838431577825,0.022492838431577827,0.231679391216305,29.29855333336507,0.09008418969815055
7.13016e-05,28.2854,91.2,0.016888255647502633,2.8285400000000003,0.23883417965888584,0.023883417965888585,0.24666374019807655,29.212663643719367,0.10746865535390838
8.12997e-05,28.12243,91.2,0.018033513613187814,2.8122430000000005,0.2535593683595124,0.025355936835951245,0.26250912488711564,29.115053159983994,0.12458424340287991
9.26998e-05,27.93769,91.2,0.019256444589721075,2.793769,0.2689736659553868,0.02689736659553868,0.279241370495855,29.00417338767399,0.14572269744436267
0.0001056987,27.83826,91.2,0.02056233685957577,2.783826,0.2861896715626486,0.028618967156264857,0.29688159023865857,28.878284995928148,0.13957363239073337
0.00012052,27.86349,91.2,0.02195676132778978,2.786349,0.3058714217257241,0.030587142172572412,0.31544334398452734,28.735448415186944,0.09793107502138328
0.0001374195,27.89738,91.2,0.023445749735738663,2.789738,0.32700753344638467,0.03270075334463847,0.3349327619753751,28.57349014807503,0.05873650116434492
0.000156689,27.83695,91.2,0.025035749199750143,2.7836950000000003,0.34842304874070296,0.0348423048740703,0.35534521265399394,28.389990137391965,0.03947026159745143
0.00017866,27.69123,91.2,0.026733547524596408,2.7691230000000004,0.3700983191312348,0.03700983191312348,0.37666124766842457,28.182276714352795,0.031445689750966954
0.000203712,27.4198,91.2,0.028546511826334074,2.74198,0.3913166698911946,0.03913166698911946,0.3988460259596152,27.947386615674414,0.037021923014620046
0.0002322775,27.0581,91.2,0.03048248588991653,2.70581,0.41233521306676135,0.04123352130667614,0.42184378315777327,27.68206766569134,0.05317770308639334
0.000264848,26.63256,91.2,0.03254973946383818,2.6632560000000005,0.4333649111914921,0.043336491119149216,0.44557257424200547,27.38278529571832,0.07935194542267453
0.0003019855,26.12672,91.2,0.03475720951462861,2.612672,0.4539545266103087,0.04539545266103087,0.46992182442767205,27.0456955686454,0.12371949805458618
0.0003443305,25.55588,91.2,0.03711441921538254,2.555588,0.4741369520028082,0.047413695200280825,0.49474543246976815,26.66667267619043,0.18892278317733469
0.0003926135,24.94851,91.2,0.03963154766337388,2.494851,0.4942446262099245,0.049424462620992454,0.5198561683137038,26.241330964370317,0.26852674363122814
0.000447667,24.26316,91.2,0.042319443184815786,2.426316,0.5132484794020676,0.051324847940206766,0.5450191029348196,25.765075257446004,0.38317408948932674
0.00051044,23.50326,91.2,0.04518968348266161,2.3503260000000004,0.530871714198215,0.0530871714198215,0.5699454237698678,25.233168621358853,0.5417390182261836
0.0005820155,22.67583,91.2,0.048254676419042325,2.267583,0.5468951197811688,0.05468951197811688,0.5942867579257901,24.64082235615588,0.750922894881421
0.0006636275,21.78164,91.2,0.051527637340215614,2.178164,0.560929925788038,0.056092992578803805,0.6176291950900126,23.98334651523652,1.0217336655585525
0.000756683,20.79858,91.2,0.05502268381123486,2.079858,0.5719081686484141,0.05719081686484141,0.6394898800821246,23.2563235834022,1.3963869192120133
0.000862787,19.76759,91.2,0.05875492313143915,1.976759,0.5803875509900315,0.05803875509900315,0.659315881368319,22.455833177582093,1.849394897336357
0.0009837675,18.69922,91.2,0.06274042616576211,1.869922,0.5862137476933308,0.05862137476933308,0.6764862055568807,21.57875763652489,2.3713657126430907
0.001121715,17.58516,91.2,0.06699655710384739,1.758516,0.5886320077686423,0.05886320077686424,0.6903206055447075,20.623068639807766,2.9843982026772937
0.001279005,16.45755,91.2,0.07154161465499748,1.6457550000000003,0.5881977977768977,0.058819779777689776,0.7000925784625334,19.588323278704735,3.618869068092152
0.00145835,15.31292,91.2,0.07639527420340185,1.531292,0.5843485743176026,0.05843485743176026,0.7050544449247003,18.476030891979736,4.266903372442917
0.001662845,14.17685,91.2,0.08157861246109428,1.417685,0.5776226916647534,0.057762269166475345,0.7044708497048634,17.290140622513583,4.822584416992666
0.001896015,13.05332,91.2,0.08711405177490884,1.305332,0.5678449449864617,0.05678449449864617,0.6976646210029124,16.037546219323755,5.2266270754136
0.00216188,11.95659,91.2,0.0930255815816471,1.195659,0.5553326074483318,0.05553326074483318,0.6840749023521833,14.728476280723504,5.374476192980916
0.002465025,10.88675,91.2,0.09933887691053876,1.088675,0.5398498436560478,0.05398498436560478,0.6633255617253578,13.376792906352154,5.231390761154673
0.00281068,9.859466,91.2,0.10608142649692881,0.9859466,0.5219728386082342,0.052197283860823424,0.6353003632416967,12.0000924719962,4.7138417246410595
0.0032048,8.877126,91.2,0.11328246898391006,0.8877126000000001,0.5017366423706984,0.05017366423706984,0.6002189639033398,10.619554005431297,3.8526975527232197
0.003654185,7.944289,91.2,0.12097346349831077,0.7944289000000001,0.4793528904152546,0.04793528904152546,0.5586996673227116,9.259298754974672,2.739983071725152
0.004166585,7.075533,91.2,0.12918799795739358,0.7075533,0.45576674243691184,0.04557667424369119,0.5117995500810741,7.945412134772107,1.5114699107503213
0.004750835,6.267077,91.2,0.13796198895314798,0.6267077,0.43093911483052355,0.04309391148305236,0.46101225020349734,6.704425684600076,0.48699621740374466
0.00541701,5.528364,91.2,0.1473339022792657,0.5528364,0.40578590955099697,0.0405785909550997,0.4082088811748441,5.561374187842943,0.0035653546068525324
0.006176595,4.857973,91.2,0.15734489294201015,0.48579730000000004,0.38061357136890744,0.038061357136890746,0.35551281611694985,4.537598739946541,0.43491565323258935
0.007042695,4.253503,91.2,0.1680391688532051,0.42535030000000007,0.35569803940946143,0.035569803940946144,0.3051080335600086,3.6485383451261075,2.022863212650954
0.00803024,3.712507,91.2,0.17946395130427908,0.37125070000000004,0.3313452585166487,0.03313452585166487,0.25900212167841463,2.901949447083011,4.766868280623721
0.00915626,3.231743,91.2,0.191669955662513,0.3231743,0.30782115254018805,0.030782115254018805,0.21877606535523075,2.2968792493459413,8.36802573372975
0.01044018,2.804575,91.2,0.20471166183995812,0.28045749999999997,0.2850638052213517,0.028506380522135173,0.18537689549460953,1.8238141677723345,12.229032808842836
0.01190415,2.428097,91.2,0.21864755634937835,0.24280970000000002,0.26333874731111767,0.02633387473111177,0.1590069863031756,1.466113097157131,15.696526048912704
0.0135734,2.095683,91.2,0.23354023966987328,0.20956830000000004,0.24249472832049046,0.02424947283204905,0.1391492750961723,1.202553029919747,18.162605287954584
0.01547665,1.803671,91.2,0.24945667276296887,0.1803671,0.22264288125464837,0.02226428812546484,0.12473210533670787,1.0104777655453026,19.339416082917626
0.0176468,1.547894,91.2,0.2664701961882211,0.15478940000000002,0.20380180718532878,0.02038018071853288,0.11439278620223849,0.8688240298316376,19.24627191989352
0.0201213,1.32474,91.2,0.28465925478455767,0.132474,0.18601365514008542,0.018601365514008542,0.10676686329537345,0.7603653311118311,18.14987866300037
