z,fz,Q,theta,delta fz,f,delta f,f raw,delta f raw,pred,predz,predNNLL,predzNNLL,predNLO,predzNLO,cost
1.220165e-06,13.93434,59.5,0.0022092220316210737,0.696717,0.015392012941506862,0.0007696006470753431,0.015392012941506862,0.0007696006470753431,0.015321550129714185,13.87055024224665,326.91056251641237,295951.0848260103,19.747045252669405,17876.936797789836,0.008382799730182697
1.39126e-06,13.94377,59.5,0.002359034247470928,0.6971885,0.016446900229802264,0.0008223450114901133,0.016446900229802264,0.0008223450114901133,0.016359705101871586,13.869845504076881,293.0761689249752,248471.5438697674,18.42545251806444,15621.197214552583,0.011242847345868971
1.586345e-06,13.857120000000002,59.5,0.0025190044373579615,0.6928560000000001,0.01745305492676651,0.0008726527463383256,0.01745305492676651,0.0008726527463383256,0.01746807073686831,13.869042032180095,262.72795091475876,208596.87650421084,17.192085778174537,13649.919551510562,0.00029608377893252627
1.80879e-06,13.85786,59.5,0.0026898260840260277,0.6928930000000001,0.018637594174028632,0.0009318797087014317,0.018637594174028632,0.0009318797087014317,0.0186514010092884,13.868125981128594,235.50931001828363,175111.3913338587,16.041038434768915,11927.20813684272,0.00021951721057353487
2.062425e-06,13.896010000000002,59.5,0.0028722300867943832,0.6948005,0.019956241565318198,0.0009978120782659099,0.019956241565318198,0.0009978120782659099,0.01991469714505006,13.86708162300072,211.1011205432917,146994.7771718113,14.966860757377844,10421.784386223126,0.0017335161524036473
2.35162e-06,13.95346,59.5,0.0030669997348430574,0.697673,0.021397595513999453,0.0010698797756999727,0.021397595513999453,0.0010698797756999727,0.021263308707999307,13.865891021755463,189.2158559690685,123388.43754209617,13.964440190564668,9106.268855954106,0.015754213714864407
2.68137e-06,13.819869999999998,59.5,0.003274979326081065,0.6909935,0.0226298538168031,0.001131492690840155,0.0226298538168031,0.001131492690840155,0.02270299001387414,13.864533688241133,169.59429635569683,103569.87488080496,13.028967337664232,7956.685725785326,0.004177930802434578
3.05736e-06,13.89433,59.5,0.003497063405673159,0.6947165,0.024294626976271768,0.0012147313488135884,0.024294626976271768,0.0012147313488135884,0.02423982166819333,13.86298631907264,152.00425796533867,86932.69189266842,12.155988261931718,6952.126186270215,0.0020355640288024753
3.48607e-06,13.849490000000001,59.5,0.003734206234746547,0.6924745000000001,0.025858365856813403,0.0012929182928406702,0.025858365856813403,0.0012929182928406702,0.02588027135576437,13.861222372816844,136.2371112425223,72967.27566738501,11.341345991034375,6074.314933864388,0.00028705435445553813
3.974895e-06,13.87285,59.5,0.003987430383888167,0.6936425000000002,0.027658438507402457,0.001382921925370123,0.027658438507402457,0.001382921925370123,0.027631247468406298,13.859211587070908,122.10517209172477,61245.20501037392,10.581147043245307,5307.265112583954,0.00038659504302311485
4.532265e-06,13.87513,59.5,0.0042578266038823245,0.6937565,0.029538859570879684,0.0014769429785439843,0.029538859570879684,0.0014769429785439843,0.02950009111003733,13.85691949892101,109.43994787960483,51406.63946010017,9.871761419804612,4637.009519616145,0.0006890165625789633
5.167795e-06,13.854620000000002,59.5,0.00454656085499467,0.6927310000000001,0.031495327968365606,0.0015747663984182804,0.031495327968365606,0.0015747663984182804,0.03149461608477688,13.854306846359693,98.09007939032897,43149.28160417447,9.209798112039573,4051.339082647032,2.0435519535897587e-07
5.89244e-06,13.881179999999999,59.5,0.004854874488034057,0.694059,0.033695560956232856,0.001684778047811643,0.033695560956232856,0.001684778047811643,0.03362309970198983,13.85132895479913,87.91979398978276,36219.32537405473,8.592099742623239,3539.590370975708,0.0018498065111213341
6.718695e-06,13.864549999999998,59.5,0.005184094924681351,0.6932274999999999,0.03593741067479593,0.0017968705337397966,0.03593741067479593,0.0017968705337397966,0.03589434385899452,13.847934945943301,78.80711460923293,30403.558863569815,8.015714169579212,3092.4395442819564,0.0005744496271547759
7.66081e-06,13.86984,59.5,0.005535640726321139,0.693492,0.03838902952386989,0.0019194514761934945,0.03838902952386989,0.0019194514761934945,0.038317694562333866,13.84406689463156,70.64252673336502,25522.93077318524,7.477883945895777,2701.7368022719334,0.00138118097511364
8.735025e-06,13.835910000000002,59.5,0.005911023746748586,0.6917955000000002,0.040891958154089546,0.0020445979077044775,0.040891958154089546,0.0020445979077044775,0.040903038054942956,13.839658915873363,63.32780723749164,21427.143159385625,6.976039277044396,2360.3626715537594,2.9366752586680756e-05
9.95986e-06,13.883719999999999,59.5,0.006311859651945859,0.694186,0.04381575510861429,0.0021907877554307145,0.04381575510861429,0.0021907877554307145,0.043660850610494725,13.834636042110846,56.77478203038805,17989.99412008235,6.507779023898951,2062.0934539576806,0.004999510077284935
1.135645e-05,13.90399,59.5,0.006739879224411135,0.6951995000000001,0.04685525192593671,0.0023427625962968357,0.04685525192593671,0.0023427625962968357,0.04660224867232794,13.828912936841654,50.90427193680048,15105.510244301284,6.07085639270492,1801.486986112663,0.011662607212907055
1.29489e-05,13.842719999999998,59.5,0.007196931538287445,0.692136,0.049812124059244484,0.0024906062029622245,0.049812124059244484,0.0024906062029622245,0.04973897706977992,13.822392553356753,45.64527433594425,12684.758256928779,5.663175284101224,1573.7885354074724,0.0008625470259380569
1.476465e-05,13.851200000000002,59.5,0.007684978247343092,0.6925600000000002,0.053222561468616585,0.0026611280734308296,0.053222561468616585,0.0026611280734308296,0.05308332942717171,13.814964786976697,40.93424897027766,10653.160120289258,5.2827902168900085,1374.8489706819985,0.002737453991190194
1.6835e-05,13.8617,59.5,0.00820611832067986,0.6930850000000001,0.056874736830157244,0.0028437368415078624,0.056874736830157244,0.0028437368415078624,0.0566482690404127,13.806504517153611,36.71414860679155,8948.094393166713,4.9278802786493445,1201.0393694223405,0.0063421144371410675
1.919565e-05,13.85797,59.5,0.008762596150824118,0.6928985,0.060715120300720175,0.003035756015036009,0.060715120300720175,0.003035756015036009,0.06044742486909943,13.796869647366863,32.93379568163973,7516.999888689661,4.596743446091203,1049.187294007106,0.007775855673588423
2.18873e-05,13.84994,59.5,0.00935680708073451,0.692497,0.06479466285983607,0.0032397331429918036,0.06479466285983607,0.0032397331429918036,0.06449505747503308,13.785898975322173,29.547320637436968,6315.7766384942515,4.287791832097941,916.5208519644547,0.008552257167616423
2.49564e-05,13.84475,59.5,0.009991317752941625,0.6922375,0.06916249750907641,0.0034581248754538205,0.06916249750907641,0.0034581248754538205,0.0688061108814857,13.77340954903249,26.513569387280526,5307.4101282473175,3.999539471093842,800.6163178991583,0.010620903334215821
2.845585e-05,13.84359,59.5,0.010668855592966611,0.6921795000000001,0.07384623036239023,0.0036923115181195115,0.07384623036239023,0.0036923115181195115,0.07339603641362931,13.759194352225657,23.795726660042035,4460.867968711692,3.7306056941194097,699.3583210356696,0.014866291225188349
3.2446e-05,13.85275,59.5,0.011392339693038855,0.6926375,0.07890591000963058,0.003945295500481529,0.07890591000963058,0.003945295500481529,0.07828087671998203,13.743018930399229,21.36077164139193,3750.104768060801,3.479698828439964,610.8971804493278,0.025098468577151818
3.699565e-05,13.845479999999998,59.5,0.012164884912735352,0.692274,0.08421225832782599,0.0042106129163912995,0.08421225832782599,0.0042106129163912995,0.0834771416813392,13.724618227275911,19.179127427992956,3153.272819118603,3.2456141074487204,533.6169116551372,0.03048048533598067
4.21833e-05,13.82878,59.5,0.012989825735080921,0.691439,0.0898141953063835,0.004490709765319175,0.0898141953063835,0.004490709765319175,0.08900178688946768,13.703692676895312,17.22427890358522,2652.0391660113432,3.0272249159978584,466.10479814517123,0.032727953803431103
4.80984e-05,13.834850000000001,59.5,0.013870713200377851,0.6917425,0.09594654155831289,0.004797327077915645,0.09594654155831289,0.004797327077915645,0.0948719746930819,13.679904640282102,15.47250160366952,2231.031315302067,2.8234825500032166,407.1273119643528,0.050172787575126734
5.484285e-05,13.80798,59.5,0.014811327099046718,0.690399,0.10225351543170635,0.005112675771585318,0.10225351543170635,0.005112675771585318,0.10110489657542863,13.652874269618552,13.902563352393692,1877.3566454719748,2.6334102781216404,355.6071035658794,0.050472565339115705
6.253305e-05,13.82485,59.5,0.015815733116644838,0.6912425000000001,0.10932051133081876,0.0054660255665409385,0.10932051133081876,0.0054660255665409385,0.10771784126673674,13.62217373215512,12.495401886232713,1580.1888837139466,2.4560905870207215,310.6012178192317,0.0859696052164072
7.13016e-05,13.81582,59.5,0.016888255647502633,0.690791,0.11665700453289783,0.005832850226644892,0.11665700453289783,0.005832850226644892,0.1147276431114212,13.587323561052367,11.23397796288664,1330.4526208320349,2.2906706874496234,271.2867009040637,0.10941214460374697
8.12997e-05,13.8193,59.5,0.018033513613187814,0.6909649999999999,0.12459851368358317,0.0062299256841791585,0.12459851368358317,0.0062299256841791585,0.12215048072468888,13.547787115385988,10.103033768601414,1120.5338685900322,2.13635440484388,236.94441895055212,0.1544076413928204
9.26998e-05,13.81342,59.5,0.019256444589721075,0.6906710000000001,0.1329904590100849,0.006649522950504246,0.1329904590100849,0.006649522950504246,0.13000151606647292,13.502965215923965,9.088905714567764,944.0442036988837,1.9923980639131504,206.94590776570038,0.2020478674672262
0.0001056987,13.816590000000001,59.5,0.02056233685957577,0.6908295000000001,0.1420406790588124,0.00710203395294062,0.1420406790588124,0.00710203395294062,0.13829449022146686,13.45219048029094,8.179354578777453,795.6227006827972,1.8581062998924047,180.74183460782058,0.27823633397225034
0.00012052,13.79377,59.5,0.02195676132778978,0.6896885,0.15142109049719335,0.007571054524859668,0.15142109049719335,0.007571054524859668,0.14704058566781428,13.394726010144014,7.363472210920274,670.7786989600922,1.7328372764232784,157.85356425531862,0.33476155704272653
0.0001374195,13.75437,59.5,0.023445749735738663,0.6877185000000001,0.16122598637610236,0.008061299318805119,0.16122598637610236,0.008061299318805119,0.1562487324503769,13.329754876736423,6.63144304359836,565.7358550302392,1.6159840374609769,137.86141344164042,0.38121457940924164
0.000156689,13.695210000000001,59.5,0.025035749199750143,0.6847605000000001,0.1714170130471967,0.008570850652359836,0.1714170130471967,0.008570850652359836,0.16592435305122588,13.256378808356798,5.974487597156814,477.3263798671473,1.5069806497151041,120.39888046644684,0.41069326191306166
0.00017866,13.64181,59.5,0.026733547524596408,0.6820905,0.18232526871892907,0.009116263435946454,0.18232526871892907,0.009116263435946454,0.17606783294599784,13.173620645330104,5.3847861667884125,402.89659406013743,1.405305215997701,105.14673519117797,0.47114986172751316
0.000203712,13.56114,59.5,0.028546511826334074,0.6780570000000001,0.19353533376349483,0.009676766688174743,0.19353533376349483,0.009676766688174743,0.18667473644009094,13.080413721355711,4.855299139002886,340.2138001650899,1.3104634569184384,91.82498130223597,0.5026472592783775
0.0002322775,13.487609999999998,59.5,0.03048248588991653,0.6743804999999999,0.20553610723263574,0.010276805361631787,0.20553610723263574,0.010276805361631787,0.19773378781685555,12.975609248441728,4.3797405221100965,287.4056186952911,1.2219962318281676,80.18935854279367,0.5764095783203553
0.000264848,13.43746,59.5,0.03254973946383818,0.671873,0.21865429607740403,0.010932714803870203,0.21865429607740403,0.010932714803870203,0.2092250976352757,12.857986012197317,3.952508851330349,242.90252028981803,1.1394795182288058,70.02702769488907,0.7438639526478162
0.0003019855,13.416849999999998,59.5,0.03475720951462861,0.6708425,0.23311918948691304,0.011655959474345653,0.23311918948691304,0.011655959474345653,0.22111990141612328,12.726247701206344,3.5685677105264273,205.3839402597286,1.0625130201808468,61.15145581189353,1.059778005086179
0.0003443305,13.35599,59.5,0.03711441921538254,0.6677995000000001,0.24779300848102223,0.012389650424051112,0.24779300848102223,0.012389650424051112,0.23337833801562255,12.579042354183276,3.2234161861074004,173.74144093652183,0.9907242170736484,53.399822767827956,1.3536030712656868
0.0003926135,13.26757,59.5,0.03963154766337388,0.6633785,0.26283834887790924,0.013141917443895463,0.26283834887790924,0.013141917443895463,0.2459480349449746,12.414979716337552,2.9130265605610055,147.0439301155977,0.9237653686952355,46.62988390036236,1.6518019483246085
0.000447667,13.14896,59.5,0.042319443184815786,0.6574480000000001,0.2781452921102862,0.013907264605514311,0.2781452921102862,0.013907264605514311,0.25876240434209125,12.232658976118465,2.633797895889674,124.50939909277997,0.8613126329759625,40.71744401125812,1.9424664505077414
0.00051044,12.99074,59.5,0.04518968348266161,0.6495370000000001,0.29342382343995344,0.014671191171997673,0.29342382343995344,0.014671191171997673,0.27173928620919496,12.030701439113514,2.3825082458874296,105.48068254080748,0.8030639091720833,35.55401304888608,2.1845881033382897
0.0005820155,12.794600000000003,59.5,0.048254676419042325,0.6397300000000001,0.30857985350711054,0.015428992675355527,0.30857985350711054,0.015428992675355527,0.28477995595451944,11.807788431566339,2.1562709164595604,89.40513631781141,0.7487364809325973,31.044747964142335,2.3794414870877962
0.0006636275,12.575409999999998,59.5,0.051527637340215614,0.6287705,0.3238472308813363,0.016192361544066818,0.3238472308813363,0.016192361544066818,0.29776792648797273,11.562716624889687,1.9525055814374739,75.818336155116,0.6980672588877685,27.10686135620049,2.5940098588000433
0.000756683,12.3274,59.5,0.05502268381123486,0.6163700000000001,0.3389722162857493,0.016948610814287467,0.3389722162857493,0.016948610814287467,0.3105688114492701,11.294453593306747,1.7689024274713916,64.32966106587531,0.6508106572642168,23.66802620069541,2.808488134032572
0.000862787,12.06611,59.5,0.05875492313143915,0.6033055000000002,0.3542677702682183,0.017713388513410918,0.3542677702682183,0.017713388513410918,0.32303079636531357,11.0022007347168,1.6033926871655642,54.610422285628104,0.6067371743792256,20.665039559218656,3.1098154223083108
0.0009837675,11.77152,59.5,0.06274042616576211,0.5885760000000001,0.3690328717051833,0.018451643585259164,0.3690328717051833,0.018451643585259164,0.3349856132314035,10.685470450491433,1.4541271466143277,46.38417902941808,0.5656333929163313,18.042741739011678,3.4048201873955484
0.001121715,11.44121,59.5,0.06699655710384739,0.5720605,0.38297419037430813,0.019148709518715407,0.38297419037430813,0.019148709518715407,0.34625162023006273,10.344137018791008,1.319443747949749,39.417886068838506,0.5272983435723699,15.752839833846815,3.677791595326333
0.001279005,11.07325,59.5,0.07154161465499748,0.5536625000000001,0.39576129279467676,0.01978806463973384,0.39576129279467676,0.01978806463973384,0.3566360409324359,9.978540378136277,1.1978625295354972,33.51573662374432,0.49154685139664406,13.753293390042971,3.9093778843667275
0.00145835,10.669070000000001,59.5,0.07639527420340185,0.5334535,0.4071369695521627,0.020356848477608137,0.4071369695521627,0.020356848477608137,0.365940752235687,9.589518499756348,1.08805412857436,28.51258060479706,0.45820499884972316,12.007313441604033,4.095374226235017
0.001662845,10.22297,59.5,0.08157861246109428,0.5111485,0.416525493900833,0.02082627469504165,0.416525493900833,0.02082627469504165,0.3739678844785147,9.178459710073646,0.9888270797978932,24.269221740286017,0.4271102604106812,10.48275662067908,4.175718985967024
0.001896015,9.748431999999998,59.5,0.08711405177490884,0.4874216,0.4240758544756631,0.021203792723783157,0.4240758544756631,0.021203792723783157,0.38052648503752107,8.747342072030595,0.8991160287668504,20.6684048951122,0.3981116335969308,9.151580189178905,4.218292025546298
0.00216188,9.245302,59.5,0.0930255815816471,0.46226510000000004,0.42940484421622527,0.021470242210811265,0.42940484421622527,0.021470242210811265,0.38544040201775703,8.298725474697205,0.8179657235502683,17.611212918834127,0.37106803982925785,7.989281297073661,4.193042333318317
0.002465025,8.718522,59.5,0.09933887691053876,0.4359261000000001,0.43233221472081323,0.021616610736040664,0.43233221472081323,0.021616610736040664,0.3885561735746979,7.83572315964114,0.7445195681372243,15.014172002950664,0.34584770576712676,6.974453276232021,4.101075492002351
0.00281068,8.178151,59.5,0.10608142649692881,0.40890755,0.4329618553415336,0.02164809276707668,0.4329618553415336,0.02164809276707668,0.38975068581847055,7.3619417545748,0.6780093521493543,12.806816103731899,0.322327580835748,6.088396922310999,3.9843066927592368
0.0032048,7.627709,59.5,0.11328246898391006,0.38138545000000007,0.4311193851073824,0.021555969255369123,0.4311193851073824,0.021555969255369123,0.38893808689425685,6.88140373253493,0.6177475973132981,10.929684608316473,0.3003933642548987,5.314799675492795,3.829171102366118
0.003654185,7.073673999999999,59.5,0.12097346349831077,0.35368369999999993,0.42682058492021563,0.021341029246010782,0.42682058492021563,0.021341029246010782,0.38607539491095244,6.398406214479625,0.5631160189739197,9.332490707175966,0.27993782529876476,4.639394130446088,3.645205130786154
0.004166585,6.522336,59.5,0.12918799795739358,0.3261168,0.4201328481965949,0.021006642409829746,0.4201328481965949,0.021006642409829746,0.3811661786306067,5.917399459566909,0.5135604736194116,7.972749523497236,0.2608611453415455,4.049728666934032,3.4409098323086473
0.004750835,5.979333,59.5,0.13796198895314798,0.29896665,0.41115315326378454,0.02055765766318923,0.41115315326378454,0.02055765766318923,0.37426215180391376,5.442833205018412,0.4685837092842757,6.814536174524499,0.24307024698251217,3.5349308099997114,3.220279968267788
0.00541701,5.449967,59.5,0.1473339022792657,0.27249835000000006,0.40003151314166696,0.02000157565708335,0.40003151314166696,0.02000157565708335,0.3654623344447921,4.979001896187414,0.4277391180136891,5.82745109122979,0.22647823927298474,3.085504240809041,2.9870996064356676
0.006176595,4.933445,59.5,0.15734489294201015,0.24667225000000004,0.38652666875712965,0.019326333437856485,0.38652666875712965,0.019326333437856485,0.35490993094887846,4.5299037966000455,0.39062565541544514,4.985762542019952,0.21100409960343586,2.6931573014491286,2.676302372692958
0.007042695,4.435663,59.5,0.1680391688532051,0.22178314999999998,0.3709311202040036,0.01854655601020018,0.3709311202040036,0.01854655601020018,0.34278684291424116,4.099108522264938,0.3568825375553013,4.267667448095326,0.19657205738807731,2.35064505051674,2.302786374757205
0.00803024,3.960497,59.5,0.17946395130427908,0.19802485,0.3534786337963569,0.017673931689817846,0.3534786337963569,0.017673931689817846,0.329306828008709,3.689667718811495,0.32618593194445605,3.654700118741765,0.18311162915185714,2.0516460928126317,1.8704747423801766
0.00915626,3.5120980000000004,59.5,0.191669955662513,0.1756049,0.3345247608470381,0.016726238042351904,0.3345247608470381,0.016726238042351904,0.31470675513120644,3.304033347140456,0.29824433343284484,3.1311981938454525,0.17055693524710994,1.7906377681902108,1.4038585527702456
0.01044018,3.096691,59.5,0.20471166183995812,0.15483455000000002,0.3147551839600342,0.015737759198001713,0.3147551839600342,0.015737759198001713,0.29923725477936647,2.9440192281555277,0.27279533833021774,2.683872775091143,0.15884644876009268,1.562796717336349,0.9722584788790277
0.01190415,2.716143,59.5,0.21864755634937835,0.13580715000000002,0.29457871540464037,0.014728935770232019,0.29457871540464037,0.014728935770232019,0.283153162004021,2.610794462351616,0.24960278997571483,2.3014455400884968,0.14792278162826178,1.3639119422061368,0.6017439773898056
0.0135734,2.372218,59.5,0.23354023966987328,0.1186109,0.27449302181053964,0.013724651090526983,0.27449302181053964,0.013724651090526983,0.266704396102546,2.304907297608017,0.2284543402517089,1.9743434443200096,0.13773254789051156,1.190309418930329,0.32204684021391117
0.01547665,2.0642410000000004,59.5,0.24945667276296887,0.10321205000000001,0.254807314551255,0.01274036572756275,0.254807314551255,0.01274036572756275,0.2501274779672838,2.0263287816363076,0.2091589259565072,1.6944349938923677,0.12822607736764544,1.0387830766852768,0.13492660287581187
0.0176468,1.791323,59.5,0.2664701961882211,0.08956615,0.23585262598901777,0.011792631299450889,0.23585262598901777,0.011792631299450889,0.23363669253370387,1.7744927758363815,0.19154282438608386,1.4547858662541655,0.11935628602438261,0.9065222804006887,0.03530953415834187
0.0201213,1.550688,59.5,0.28465925478455767,0.07753440000000002,0.21774019268827755,0.010887009634413879,0.21774019268827755,0.010887009634413879,0.2174206521026731,1.548412316555928,0.1754501233219317,1.2495093233583188,0.11107962241521223,0.7910796596492312,0.0008614594491444825
1.220165e-06,28.60036,91.2,0.0022092220316210737,1.430018,0.03159224701361924,0.0015796123506809621,0.03159224701361924,0.0015796123506809621,0.03337809552512716,30.217082935616826,196.76309531736123,178128.99976265896,17.535146040360356,15874.511527802435,1.2781687368618564
1.39126e-06,28.53558,91.2,0.002359034247470928,1.426779,0.03365817402750769,0.0016829087013753845,0.03365817402750769,0.0016829087013753845,0.03563739867912504,30.213577247802014,176.96520059260845,150032.04376444756,16.363527788225266,13873.086398017569,1.383149331658728
1.586345e-06,28.61842,91.2,0.0025190044373579615,1.4309210000000003,0.03604492536524712,0.0018022462682623563,0.03604492536524712,0.0018022462682623563,0.03804899398156043,30.209580941222825,159.16200434962778,126369.10861552691,15.270006689725802,12123.855450418592,1.2365079250581037
1.80879e-06,28.366900000000005,91.2,0.0026898260840260277,1.4183450000000002,0.0381509677666864,0.0019075483883343202,0.0381509677666864,0.0019075483883343202,0.0406230835745921,30.20502537443716,143.15303957112064,106440.49668789629,14.249361276307619,10595.01842419444,1.6795250921079286
2.062425e-06,28.61303,91.2,0.0028722300867943832,1.4306515000000002,0.04109154632126031,0.0020545773160630157,0.04109154632126031,0.0020545773160630157,0.04337037430338977,30.19983262134048,128.75866120383859,89657.74631555099,13.296773696873085,9258.862679864502,1.2302067607089988
2.35162e-06,28.51048,91.2,0.0030669997348430574,1.4255240000000002,0.04372074875693707,0.002186037437846854,0.04372074875693707,0.002186037437846854,0.04630229033634606,30.193913876626606,115.81673819791995,75524.5711004232,12.407723719125682,8091.127645281457,1.3945787972079795
2.68137e-06,28.49494,91.2,0.003274979326081065,1.4247470000000002,0.04666008629014422,0.002333004314507211,0.04666008629014422,0.002333004314507211,0.049431086822326796,30.187167772866097,104.1808383219028,63622.40135332475,11.57795866542856,7070.566381776127,1.410724258633173
3.05736e-06,28.4788,91.2,0.003497063405673159,1.4239400000000002,0.049795983162329416,0.002489799158116471,0.049795983162329416,0.002489799158116471,0.05276966846656336,30.179479124381327,93.71959970299602,53599.13725010643,10.803539909157957,6178.648011867771,1.4264658588804326
3.48607e-06,28.531530000000004,91.2,0.003734206234746547,1.4265765000000001,0.053271184801364335,0.002663559240068217,0.053271184801364335,0.002663559240068217,0.056331708613021704,30.170716875111143,84.31478276390894,45158.18003376452,10.080791101937459,5399.17395907619,1.3202823114743025
3.974895e-06,28.431940000000004,91.2,0.003987430383888167,1.4215970000000002,0.056685040502575626,0.0028342520251287816,0.056685040502575626,0.0028342520251287816,0.06013174978387181,30.160731769652234,75.85982242999886,38049.57887685341,9.406268573136286,4717.972525452192,1.4788780941553379
4.532265e-06,28.5378,91.2,0.0042578266038823245,1.42689,0.060754318457690144,0.0030377159228845074,0.060754318457690144,0.0030377159228845074,0.06418516697227382,30.149354062739928,68.25887819264375,32062.87657465213,8.776761412418573,4122.661041943017,1.2755831392028179
5.167795e-06,28.417980000000004,91.2,0.00454656085499467,1.4208990000000001,0.06460181515613235,0.0032300907578066175,0.06460181515613235,0.0032300907578066175,0.06850823102986092,30.136390665443407,61.4256928062829,27020.82140317988,8.189269823808125,3602.4143517504795,1.4626065089244542
5.89244e-06,28.41288,91.2,0.004854874488034057,1.420644,0.06897021218528464,0.003448510609264232,0.06897021218528464,0.003448510609264232,0.07311806047756618,30.121622253397693,55.2827474371594,22774.20960780295,7.641000452593337,3147.7767294124815,1.4467137011760922
6.718695e-06,28.489519999999995,91.2,0.005184094924681351,1.4244759999999999,0.07384585725233146,0.0036922928626165735,0.07384585725233146,0.0036922928626165735,0.07803271973185144,30.104799540190694,49.76026034715058,19197.365771261262,7.129341260601034,2750.4794173718624,1.2858346101846496
7.66081e-06,28.539599999999997,91.2,0.005535640726321139,1.4269800000000001,0.07899208260509401,0.003949604130254701,0.07899208260509401,0.003949604130254701,0.08327121995507916,30.08563935338908,44.79545209976548,16184.461057164519,6.65185224012557,2403.294050890682,1.1738303014845828
8.735025e-06,28.46234,91.2,0.005911023746748586,1.4231170000000002,0.08412029394867912,0.004206014697433956,0.08412029394867912,0.004206014697433956,0.08885346084697314,30.06382044202246,40.331901591878676,13646.413274006602,6.206259229996677,2099.905409746578,1.2663742328843328
9.95986e-06,28.50854,91.2,0.006311859651945859,1.425427,0.08997035428142709,0.004498517714071355,0.08997035428142709,0.004498517714071355,0.0948002782308118,30.038978345027353,36.318851330812386,11508.206610810903,5.790437113310867,1834.792242186211,1.1527674766962677
1.135645e-05,28.56755,91.2,0.006739879224411135,1.4283775,0.09627018950364559,0.0048135094751822795,0.09627018950364559,0.0048135094751822795,0.10113347961940576,30.010699579976915,32.71061959791428,9706.662734459556,5.402397168529466,1603.1260770082893,1.020790673848658
1.29489e-05,28.5103,91.2,0.007196931538287445,1.425515,0.10259245296923424,0.005129622648461712,0.10259245296923424,0.005129622648461712,0.10787573139646842,29.97851572722455,29.466150793755933,8188.602325622805,5.040283881948238,1400.6878810335306,1.0608064717110561
1.476465e-05,28.47166,91.2,0.007684978247343092,1.423583,0.10940096702549612,0.005470048351274806,0.10940096702549612,0.005470048351274806,0.11505028375820771,29.941897691853217,26.548625280220712,6909.293884666381,4.702374935706545,1223.7955842817785,1.0666194981370594
1.6835e-05,28.45408,91.2,0.00820611832067986,1.4227040000000002,0.11674746327970167,0.005837373163985084,0.11674746327970167,0.005837373163985084,0.12268110636519829,29.900247225421182,23.924905927306657,5831.057636062732,4.38705812076954,1069.228394573004,1.0332559732793738
1.919565e-05,28.465459999999997,91.2,0.008762596150824118,1.423273,0.12471406911079604,0.0062357034555398025,0.12471406911079604,0.0062357034555398025,0.13079273040720882,29.852888789873454,21.56519222343109,4922.164123143416,4.0928263356152295,934.170339995077,0.9502655449796426
2.18873e-05,28.496179999999995,91.2,0.00935680708073451,1.424809,0.13331468409922376,0.006665734204961188,0.13331468409922376,0.006665734204961188,0.13940999838145937,29.799061030073773,19.44270861065755,4155.9032150163075,3.81827340649891,816.160702896191,0.8361731579588595
2.49564e-05,28.49416,91.2,0.009991317752941625,1.424708,0.14234473500953249,0.007117236750476624,0.14234473500953249,0.007117236750476624,0.1485579638176494,29.737906287934265,17.53336918578665,3509.7794581964527,3.56208327413311,713.0475935037259,0.7620998378605871
2.845585e-05,28.496990000000004,91.2,0.010668855592966611,1.4248495,0.15201225174790142,0.0076006125873950715,0.15201225174790142,0.0076006125873950715,0.15826126838057034,29.668462446749405,15.815573912556353,2964.86793957778,3.3230330321073893,622.9526764900465,0.6759680481512991
3.2446e-05,28.496779999999998,91.2,0.011392339693038855,1.424839,0.1623189877998405,0.008115949389992026,0.1623189877998405,0.008115949389992026,0.16854402906746074,29.589650488528697,14.269895856168288,2505.228059563706,3.0999784765904073,544.2333386224997,0.5883094294757025
3.699565e-05,28.54725,91.2,0.012164884912735352,1.4273625,0.17363272284883083,0.008681636142441542,0.17363272284883083,0.008681636142441542,0.17942923407795217,29.50026422721799,12.878886753959673,2117.4395808275544,2.891852281759346,475.4543308194765,0.4457898775874247
4.21833e-05,28.61144,91.2,0.012989825735080921,1.4305720000000002,0.18582358387051304,0.009291179193525652,0.18582358387051304,0.009291179193525652,0.19093829980219598,29.398957843259147,11.626859543931388,1790.1990011204807,2.697656248463526,415.3607862138913,0.3030409817098981
4.80984e-05,28.588050000000003,91.2,0.013870713200377851,1.4294025000000004,0.19826196362057608,0.009913098181028805,0.19826196362057608,0.009913098181028805,0.20309011295974708,29.284236864061516,10.499738753710178,1513.992149560513,2.5164611206747205,362.8568739416983,0.23721523314374618
5.484285e-05,28.53906,91.2,0.014811327099046718,1.4269530000000001,0.21134294894085837,0.010567147447042919,0.21134294894085837,0.010567147447042919,0.2159001427115779,29.1544485289572,9.484891104512956,1280.8086462392964,2.347401334594992,316.98539207396783,0.18598565796855507
6.253305e-05,28.44481,91.2,0.015815733116644838,1.4222405000000002,0.22492838431577825,0.011246419215788913,0.22492838431577825,0.011246419215788913,0.22937998735149345,29.007766973756468,8.570937521532912,1083.8947252633275,2.189663700731406,276.908439638103,0.15667666685403506
7.13016e-05,28.2854,91.2,0.016888255647502633,1.4142700000000001,0.23883417965888584,0.011941708982944292,0.23883417965888584,0.011941708982944292,0.24353557828097153,28.84219191636252,7.747676181787362,917.5659873529115,2.0424923254879825,241.89465890464874,0.1549962478130622
8.12997e-05,28.12243,91.2,0.018033513613187814,1.4061215000000002,0.2535593683595124,0.012677968417975622,0.2535593683595124,0.012677968417975622,0.2583660504647109,28.655542154010565,7.00594252804861,777.0335192258283,1.905181421721357,211.3048771035453,0.14374457726741363
9.26998e-05,27.93769,91.2,0.019256444589721075,1.3968845,0.2689736659553868,0.01344868329776934,0.2689736659553868,0.01344868329776934,0.273862234182277,28.44545459168074,6.3375024080805185,658.2621277154107,1.7770716690551147,184.58043920953628,0.13213072819040722
0.0001056987,27.83826,91.2,0.02056233685957577,1.391913,0.2861896715626486,0.014309483578132429,0.2861896715626486,0.014309483578132429,0.29000502535747824,28.20938733786832,5.734954711588328,557.8508807732157,1.6575465068364137,161.23296961575653,0.07109216018105492
0.00012052,27.86349,91.2,0.02195676132778978,1.3931745,0.3058714217257241,0.015293571086286206,0.3058714217257241,0.015293571086286206,0.30676234572380634,27.944649108527585,5.191683218926292,472.93863754109134,1.546036798880567,140.836893627378,0.003393622280424891
0.0001374195,27.89738,91.2,0.023445749735738663,1.394869,0.32700753344638467,0.016350376672319235,0.32700753344638467,0.016350376672319235,0.3240889552330898,27.648392814237322,4.701710491752991,401.10820339839535,1.4420042538580897,123.01900267411209,0.031863035545831093
0.000156689,27.83695,91.2,0.025035749199750143,1.3918475000000003,0.34842304874070296,0.01742115243703515,0.34842304874070296,0.01742115243703515,0.34192331635811274,27.317659654537824,4.25967081365829,340.3226160979659,1.3449469079403582,107.45333859027419,0.13919934422405364
0.00017866,27.69123,91.2,0.026733547524596408,1.3845615,0.3700983191312348,0.01850491595656174,0.3700983191312348,0.01850491595656174,0.3601842552604852,26.94944705020425,3.8607695924639214,288.8677230766218,1.25440182586673,93.85595037025392,0.28703125571623467
0.000203712,27.4198,91.2,0.028546511826334074,1.37099,0.3913166698911946,0.01956583349455973,0.3913166698911946,0.01956583349455973,0.37877111682786346,26.540725372329334,3.500671655386158,245.29421831951774,1.1699304968157092,81.97775025916222,0.4111335485101203
0.0002322775,27.058099999999996,91.2,0.03048248588991653,1.352905,0.41233521306676135,0.02061676065333807,0.41233521306676135,0.02061676065333807,0.3975602375885842,26.08854234080164,3.175491570650652,208.3808652401235,1.0911255447199704,71.6014135246975,0.5135854118913009
0.000264848,26.63256,91.2,0.03254973946383818,1.3316280000000003,0.4333649111914921,0.021668245559574608,0.4333649111914921,0.021668245559574608,0.41640265162047285,25.590139665324752,2.8817547998965574,177.0990350892068,1.0176107255099573,62.53754746611689,0.6128016308318932
0.0003019855,26.12672,91.2,0.03475720951462861,1.306336,0.4539545266103087,0.022697726330515436,0.4539545266103087,0.022697726330515436,0.4351250865332537,25.043017823212796,2.6163231117073247,150.5788297332813,0.9490307922235289,54.62014436764789,0.6881927622826665
0.0003443305,25.55588,91.2,0.03711441921538254,1.277794,0.4741369520028082,0.023706847600140413,0.4741369520028082,0.023706847600140413,0.4535285638864933,24.445092301489527,2.376380616377204,128.08640543608627,0.8850551127885471,47.704280715240714,0.7556843599239965
0.0003926135,24.94851,91.2,0.03963154766337388,1.2474255,0.4942446262099245,0.024712231310496227,0.4942446262099245,0.024712231310496227,0.4713895316572506,23.794829161078457,2.159396729414209,109.00215812336515,0.8253750129170508,41.66332959736626,0.8553465812789421
0.000447667,24.26316,91.2,0.042319443184815786,1.2131580000000002,0.5132484794020676,0.025662423970103383,0.5132484794020676,0.025662423970103383,0.4884618260115006,23.09140292479054,1.9630994042815446,92.80299280667663,0.7697030005547729,36.3867167744897,0.9329114773939445
0.00051044,23.50326,91.2,0.04518968348266161,1.175163,0.530871714198215,0.02654358570991075,0.530871714198215,0.02654358570991075,0.5044805257809494,22.33484407861907,1.7854467606308084,79.04700572461722,0.7177708536383917,31.77783736126167,0.9885501674459202
0.0005820155,22.67583,91.2,0.048254676419042325,1.1337915000000003,0.5468951197811688,0.02734475598905844,0.5468951197811688,0.02734475598905844,0.5191675660937284,21.52616661667368,1.6246008707624982,67.36058127196851,0.6693275280930602,27.752226509959556,1.028193857735785
0.0006636275,21.78164,91.2,0.051527637340215614,1.0890819999999999,0.560929925788038,0.028046496289401902,0.560929925788038,0.028046496289401902,0.5322383366906295,20.667508205605717,1.4789115085776197,57.428061136939924,0.6241393828153825,24.23614558843129,1.04653070655236
0.000756683,20.79858,91.2,0.05502268381123486,1.039929,0.5719081686484141,0.028595408432420706,0.5719081686484141,0.028595408432420706,0.5434105359638499,19.76220680987532,1.3468944917603913,48.98250169190956,0.5819882946905086,21.165163866763184,0.993173128707726
0.000862787,19.76759,91.2,0.05875492313143915,0.9883795,0.5803875509900315,0.029019377549501575,0.5803875509900315,0.029019377549501575,0.5524141223601522,18.8148347813423,1.2272140646020808,41.79804413431347,0.5426704002017034,18.482970487606888,0.9292128656834877
0.0009837675,18.69922,91.2,0.06274042616576211,0.9349610000000002,0.5862137476933308,0.02931068738466654,0.5862137476933308,0.02931068738466654,0.5590018488946783,17.83120678083556,1.1186706205512305,35.683687261744446,0.5059961030693313,16.140413778535045,0.8619174777372967
0.001121715,17.58516,91.2,0.06699655710384739,0.879258,0.5886320077686423,0.02943160038843212,0.5886320077686423,0.02943160038843212,0.5629606645247558,16.818238268934202,1.02018011369766,30.477497471124174,0.47178683669944493,14.09445442952275,0.7607981200850803
0.001279005,16.45755,91.2,0.07154161465499748,0.8228775,0.5881977977768977,0.029409889888844888,0.5881977977768977,0.029409889888844888,0.5641216605125512,15.783908863748865,0.930773019551825,26.042674021937295,0.4398780565282068,12.307620219893526,0.6701728416971345
0.00145835,15.312920000000002,91.2,0.07639527420340185,0.7656460000000002,0.5843485743176026,0.02921742871588013,0.5843485743176026,0.02921742871588013,0.5623700214558862,14.736969554531287,0.8495737261266506,22.263174882340813,0.41011519782665373,10.747114806325191,0.5658667829969223
0.001662845,14.17685,91.2,0.08157861246109428,0.7088425,0.5776226916647534,0.028881134583237673,0.5776226916647534,0.028881134583237673,0.5576522423927425,13.686706403068344,0.7757933035229667,19.040639250773893,0.38235380100787625,9.384278980100314,0.47813129440956975
0.001896015,13.053319999999998,91.2,0.08711405177490884,0.652666,0.5678449449864617,0.028392247249323085,0.5678449449864617,0.028392247249323085,0.5499813058949734,12.642680089432044,0.7087227651491576,16.29174500267386,0.3564596340721733,8.194105999724828,0.3958588284845067
0.00216188,11.95659,91.2,0.0930255815816471,0.5978295,0.5553326074483318,0.02776663037241659,0.5553326074483318,0.02776663037241659,0.5394388396519506,11.614389195387217,0.6477229583490848,13.94580066557255,0.3323072700840311,7.154742453663138,0.3276478855223917
0.002465025,10.886750000000001,91.2,0.09933887691053876,0.5443375,0.5398498436560478,0.02699249218280239,0.5398498436560478,0.02699249218280239,0.5261741079176078,10.610961615877915,0.5922176063034331,11.942811693267169,0.3097795393338129,6.247093408423934,0.25669383110826893
0.00281068,9.859466,91.2,0.10608142649692881,0.49297330000000006,0.5219728386082342,0.026098641930411712,0.5219728386082342,0.026098641930411712,0.5103998930144886,9.640866381089515,0.5416870398604989,10.231844565678102,0.2887670134873977,5.454476441708907,0.19663100771806666
0.0032048,8.877126,91.2,0.11328246898391006,0.4438563000000001,0.5017366423706984,0.02508683211853492,0.5017366423706984,0.02508683211853492,0.492385943220608,8.71168595130984,0.49566374531406526,8.7696794477569,0.2691680340620247,4.762336157572274,0.13893015536264547
0.003654185,7.944289,91.2,0.12097346349831077,0.39721445000000005,0.4793528904152546,0.02396764452076273,0.4793528904152546,0.02396764452076273,0.47244846710439536,7.829862373486314,0.45372478791239074,7.519555871494191,0.2508872156651021,4.1579399801309105,0.08298586224304973
0.004166585,7.075533,91.2,0.12918799795739358,0.3537766500000001,0.45576674243691184,0.022788337121845595,0.45576674243691184,0.022788337121845595,0.4509387123072762,7.000580434736949,0.41548901990940057,6.450243069048757,0.23383575518237465,3.63017405246903,0.04488638933484568
0.004750835,6.267077,91.2,0.13796198895314798,0.31335385,0.43093911483052355,0.02154695574152618,0.43093911483052355,0.02154695574152618,0.42822918160808454,6.227666884776268,0.38061249488173643,5.535185204814911,0.21793083581444456,3.169332468835206,0.015817773019260125
0.00541701,5.528364,91.2,0.1473339022792657,0.2764182,0.40578590955099697,0.02028929547754985,0.40578590955099697,0.02028929547754985,0.40469879249686713,5.513553286654907,0.3487845226392212,4.751785986973824,0.20309513446881217,2.7669364646369883,0.0028709040881776935
0.006176595,4.857973,91.2,0.15734489294201015,0.24289865000000005,0.38061357136890744,0.019030678568445373,0.38061357136890744,0.019030678568445373,0.3807181699804709,4.8593080475890424,0.31972451768104315,4.080813694441514,0.18925654044196136,2.4155816626132083,3.020948290423645e-05
0.007042695,4.253502999999999,91.2,0.1680391688532051,0.21267515,0.35569803940946143,0.017784901970473072,0.35569803940946143,0.017784901970473072,0.3566354249357062,4.264712429646164,0.29317857308558104,3.5058836484609186,0.17634760718153236,2.108797331114885,0.002778008278060652
0.00803024,3.7125070000000004,91.2,0.17946395130427908,0.18562535,0.3313452585166487,0.016567262925832434,0.3313452585166487,0.016567262925832434,0.3327650285001051,3.7284145944697933,0.26891750807369486,3.0130448693171368,0.16430558640035633,1.840936678500195,0.007344030148022768
0.00915626,3.2317430000000003,91.2,0.191669955662513,0.16158715,0.30782115254018805,0.015391057627009402,0.30782115254018805,0.015391057627009402,0.3093786402103448,3.248094702389777,0.24673380492510077,2.5904010830638313,0.15307181949984133,1.607065586895595,0.010240291182813575
0.01044018,2.804575,91.2,0.20471166183995812,0.14022874999999999,0.2850638052213517,0.014253190261067587,0.2850638052213517,0.014253190261067587,0.2867003348553823,2.8206758518594546,0.22643956952848057,2.2278056493956138,0.14259151526772268,1.4028739938465522,0.013183283238407421
0.01190415,2.428097,91.2,0.21864755634937835,0.12140485000000002,0.26333874731111767,0.013166937365555884,0.26333874731111767,0.013166937365555884,0.26490577933324827,2.442545712127213,0.20786472546369603,1.916602556432514,0.13281356074614087,1.2245983992094722,0.01416400930303961
0.0135734,2.095683,91.2,0.23354023966987328,0.10478415000000003,0.24249472832049046,0.012124736416024524,0.24249472832049046,0.012124736416024524,0.24412489648858463,2.109771206125871,0.19085548570888844,1.6494073897072152,0.12369040105215327,1.0689546636477392,0.01807674388322312
0.01547665,1.803671,91.2,0.24945667276296887,0.09018355000000002,0.22264288125464837,0.01113214406273242,0.22264288125464837,0.01113214406273242,0.22444653272048629,1.8182827128232748,0.1752727057429448,1.4199164808620293,0.11517778521581525,0.9330764579909846,0.026251105793821332
0.0176468,1.547894,91.2,0.2664701961882211,0.07739470000000001,0.20380180718532878,0.01019009035926644,0.20380180718532878,0.01019009035926644,0.20592257595497201,1.56400143937581,0.1609890307547426,1.2227269140183585,0.10723375645052911,0.8144505218066795,0.043314227035153655
0.0201213,1.32474,91.2,0.28465925478455767,0.066237,0.18601365514008542,0.009300682757004271,0.18601365514008542,0.009300682757004271,0.18857605271531636,1.3429887170700185,0.14788956536418138,1.0532303269510157,0.09981950127484937,0.7108880582947467,0.07590377355615285
1.220165e-06,251.20069999999998,300.0,0.0022092220316210737,12.560035000000001,0.2774788346857894,0.01387394173428947,0.2774788346857894,0.01387394173428947,0.2982758456015111,270.02816734846544,65.99946181454358,59749.101318702094,13.219329273348489,11967.41643648576,2.2469950048478844
1.39126e-06,251.585,300.0,0.002359034247470928,12.57925,0.2967485403384309,0.014837427016921546,0.2967485403384309,0.014837427016921546,0.3181355077016791,269.71698534336974,59.91563362154501,50796.794712065624,12.339671246543281,10461.63929575205,2.0776922600060392
1.586345e-06,251.40680000000003,300.0,0.0025190044373579615,12.570340000000002,0.31664708751620846,0.015832354375810424,0.31664708751620846,0.015832354375810424,0.33926295690788233,269.3630155381822,54.401617121219175,43192.99628666515,11.518431912996517,9145.23525537276,2.0404951674364566
1.80879e-06,251.42420000000004,300.0,0.0026898260840260277,12.571210000000002,0.3381432779036453,0.016907163895182264,0.3381432779036453,0.016907163895182264,0.36172804302831885,268.9604962718681,49.40344142539905,36733.60243809807,10.751718529726453,7994.369270685148,1.9459047841538095
2.062425e-06,251.0748,300.0,0.0028722300867943832,12.55374,0.3605718015289247,0.018028590076446235,0.3605718015289247,0.018028590076446235,0.38560060045064476,268.502953440909,44.87252722987529,31245.817759356083,10.03593878385337,6988.265062003454,1.9273318141261355
2.35162e-06,251.04549999999998,300.0,0.0030669997348430574,12.552275,0.3849776374182281,0.019248881870911408,0.3849776374182281,0.019248881870911408,0.41095139375140544,267.98309328274144,40.76478538749765,26582.884134849974,9.367721414862574,6108.729645249602,1.820784339614418
2.68137e-06,251.1537,300.0,0.003274979326081065,12.557685000000001,0.41126085242113136,0.02056304262105657,0.41126085242113136,0.02056304262105657,0.4378519955981012,267.39269760166565,37.04015854607381,22620.12737819989,8.743893812980911,5339.825734953484,1.672242533486272
3.05736e-06,251.01709999999997,300.0,0.003497063405673159,12.550855,0.43891046269705036,0.02194552313485252,0.43891046269705036,0.02194552313485252,0.4663719170672918,266.7225689365158,33.66253184592607,19251.92457408875,8.161517170912884,4667.649887528016,1.5658681548396964
3.48607e-06,251.4723,300.0,0.003734206234746547,12.573615,0.4695236240651704,0.02347618120325852,0.4695236240651704,0.02347618120325852,0.496578112333699,265.9624215647151,30.599214569714963,16388.64259782523,7.617847769726165,4080.0453939182635,1.3280784859893542
3.974895e-06,251.3512,300.0,0.003987430383888167,12.567560000000002,0.5011213780125797,0.02505606890062899,0.5011213780125797,0.02505606890062899,0.5285340294318464,265.1007687307146,27.820565966698172,13954.169483133099,7.110314893291062,3566.373855161526,1.1969505756967889
4.532265e-06,250.99169999999998,300.0,0.0042578266038823245,12.549585,0.5343379542934994,0.026716897714674972,0.5343379542934994,0.026716897714674972,0.5622971831062297,264.124838520311,25.299772629280465,11883.926437964854,6.636521056090992,3117.3374239463756,1.0951618860579948
5.167795e-06,250.76929999999996,300.0,0.00454656085499467,12.538464999999999,0.5700669775062371,0.02850334887531186,0.5700669775062371,0.02850334887531186,0.5979172323602354,263.02047256416125,23.01255471573434,10123.095118613952,6.194225876624494,2724.8055902449037,0.9546992257453945
5.89244e-06,249.84710000000004,300.0,0.004854874488034057,12.492355000000002,0.6064857733843958,0.030324288669219792,0.6064857733843958,0.030324288669219792,0.6354327531564339,261.77206059626195,20.936961303252122,8625.163679007335,5.781342712768602,2381.674516173461,0.9112242540833688
6.718695e-06,249.0383,300.0,0.005184094924681351,12.451915000000001,0.6455162021741082,0.032275810108705415,0.6455162021741082,0.032275810108705415,0.6748688108263187,260.36245225937296,19.05310496868881,7350.6332686038595,5.395919888748747,2081.7304221091117,0.8270639767442267
7.66081e-06,247.8527,300.0,0.005535640726321139,12.392634999999999,0.6860082465169653,0.03430041232584827,0.6860082465169653,0.03430041232584827,0.716233278058194,258.77291227603916,17.342977308914307,6265.9651307075665,5.0361338311367545,1819.5398873790646,0.7764881708631581
8.735025e-06,246.3824,300.0,0.005911023746748586,12.31912,0.7281818681029402,0.03640909340514701,0.7281818681029402,0.03640909340514701,0.7595122546568077,256.9831251350268,15.790289043693186,5342.689074934306,4.700284536138379,1590.3546015415877,0.7404773460780303
9.95986e-06,245.2387,300.0,0.006311859651945859,12.261935000000001,0.7739509888095502,0.03869754944047751,0.7739509888095502,0.03869754944047751,0.8046658998952617,254.97120887224983,14.380285984310945,4556.622694991407,4.386783026795339,1390.0220843804407,0.629987013961683
1.135645e-05,244.68239999999997,300.0,0.006739879224411135,12.23412,0.8245586694066103,0.04122793347033052,0.8245586694066103,0.04122793347033052,0.8516237251197343,252.71377852250902,13.099594967627791,3887.219253923709,4.094141925224877,1214.9098776992525,0.4309577724364591
1.29489e-05,244.06609999999998,300.0,0.007196931538287445,12.203304999999999,0.8782559245477746,0.04391279622738873,0.8782559245477746,0.04391279622738873,0.9002784320313638,250.18612420195237,11.936112816075356,3317.029151473785,3.8209731506246207,1061.8431245514869,0.2515077358131289
1.476465e-05,243.1499,300.0,0.007684978247343092,12.157495,0.9342916497370607,0.046714582486853035,0.9342916497370607,0.046714582486853035,0.9504785161214367,247.3625406072259,10.87891248569926,2831.2427749418202,3.5659880134746125,928.050281859601,0.12006615977475218
1.6835e-05,241.5755,300.0,0.00820611832067986,12.078775,0.9911874436117973,0.04955937218058987,0.9911874436117973,0.04955937218058987,1.0020239089625242,244.21659937248137,9.918085359142308,2417.268746814223,3.3279798933291116,811.1063269641262,0.047810545757916476
1.919565e-05,239.3348,300.0,0.008762596150824118,11.96674,1.048583679582854,0.0524291839791427,1.048583679582854,0.0524291839791427,1.0546597158973263,240.72162964882256,9.044652603868233,2064.403789764724,3.105820546558138,708.890433658183,0.013430572484467733
2.18873e-05,236.50709999999998,300.0,0.00935680708073451,11.825355,1.1064595087384879,0.055322975436924396,1.1064595087384879,0.055322975436924396,1.108070063470447,236.851358082685,8.250485400379027,1763.5515445664378,2.8984570310427196,619.5488054218015,0.0008475004097679119
2.49564e-05,233.07430000000002,300.0,0.009991317752941625,11.653715000000002,1.1643403234568865,0.05821701617284433,1.1643403234568865,0.05821701617284433,1.1618740254162538,232.58060354559467,7.52821249961983,1506.9759444478375,2.7049036156726105,541.4598327391063,0.0017946973877938273
2.845585e-05,228.91850000000002,300.0,0.010668855592966611,11.445925,1.221126043548879,0.061056302177443955,1.221126043548879,0.061056302177443955,1.215620107556723,227.88632923017732,6.87117359981694,1288.1051567276093,2.524244147661211,473.2076487673838,0.008132073971518744
3.2446e-05,224.5564,300.0,0.011392339693038855,11.22782,1.2790837263710533,0.06395418631855267,1.2790837263710533,0.06395418631855267,1.2687862145072375,222.7485651058322,6.273328440639306,1101.347802027244,2.3556212037752915,413.5537075311014,0.02592547047120527
3.699565e-05,219.63519999999997,300.0,0.012164884912735352,10.98176,1.3358855164489585,0.06679427582244793,1.3358855164489585,0.06679427582244793,1.3207797092391709,217.15162865587584,5.729207351590231,941.948682738091,2.198234773055438,361.41550161452994,0.051145730280495426
4.21833e-05,214.09,300.0,0.012989825735080921,10.704500000000001,1.3904567917881145,0.06952283958940574,1.3904567917881145,0.06952283958940574,1.3709419943927414,211.08528744866453,5.233850202945045,805.8610641956969,2.0513364553567115,315.84629189559274,0.07879036080795193
4.80984e-05,208.0388,300.0,0.013870713200377851,10.401940000000002,1.4427769993849984,0.07213884996924992,1.4427769993849984,0.07213884996924992,1.4185549814524887,204.5461469105719,4.78276928716685,689.6433638761767,1.9142293784291513,276.01908193913454,0.11274108589572028
5.484285e-05,201.22329999999997,300.0,0.014811327099046718,10.061164999999999,1.4901375734733737,0.07450687867366869,1.4901375734733737,0.07450687867366869,1.4628530164009146,197.53888272813612,4.371902293316441,590.3673743949262,1.786264280671154,241.2112811778572,0.13410379754283336
6.253305e-05,193.7127,300.0,0.015815733116644838,9.685635,1.5317903207104233,0.07658951603552117,1.5317903207104233,0.07658951603552117,1.5030408950892373,190.0770007889316,3.9975549476215217,505.53731266755756,1.666830993877563,210.79016357666757,0.14090282301234386
7.13016e-05,185.6753,300.0,0.016888255647502633,9.283764999999999,1.5677914386368064,0.07838957193184032,1.5677914386368064,0.07838957193184032,1.5383118616644706,182.1840006069054,3.656386432712311,433.0299496979597,1.5553622133145275,184.20329289267175,0.1414249092077528
8.12997e-05,176.969,300.0,0.018033513613187814,8.84845,1.595599948482921,0.07977999742414606,1.595599948482921,0.07977999742414606,1.567872684840143,173.89375164325233,3.34536766868696,371.0368451207051,1.451328099276796,160.96771790768486,0.12078861120409977
9.26998e-05,167.8949,300.0,0.019256444589721075,8.394745000000002,1.6164295168359686,0.08082147584179844,1.6164295168359686,0.08082147584179844,1.590970817618955,165.25056214632278,3.0617511457119244,318.01720834720055,1.3542335605590774,140.66119546725838,0.09922448808119949
0.0001056987,158.436,300.0,0.02056233685957577,7.9218,1.628792417475079,0.08143962087375395,1.628792417475079,0.08143962087375395,1.6069233441281825,156.30875010147702,2.8030430363958008,272.65778115718666,1.2636154830041504,122.91448592055391,0.07210896729698305
0.00012052,148.6454,300.0,0.02195676132778978,7.432270000000001,1.631754666446628,0.08158773332233141,1.631754666446628,0.08158773332233141,1.615145795829371,147.1324077180005,2.5669951003659417,233.84153349649156,1.1790463042071522,107.40573513360702,0.0414410230789284
0.0001374195,138.756,300.0,0.023445749735738663,6.937800000000001,1.626470202968399,0.08132351014841996,1.626470202968399,0.08132351014841996,1.6151825257843146,137.7930355801807,2.3515529086690936,200.61362009570635,1.100121476869979,93.85259893847353,0.019265351164712664
0.000156689,128.8206,300.0,0.025035749199750143,6.441030000000001,1.6123916662064846,0.08061958331032423,1.6123916662064846,0.08061958331032423,1.606731064524694,128.36835125653877,2.1548537962157086,172.16013004698632,1.0264636543614867,82.00840193136169,0.0049299679267190335
0.00017866,118.9229,300.0,0.026733547524596408,5.9461450000000005,1.5894261611424239,0.0794713080571212,1.5894261611424239,0.0794713080571212,1.5896654564569503,118.94080438175465,1.9752187154595515,147.78839276678806,0.9577247737872527,71.65819355757932,9.066667045921438e-06
0.000203712,109.1722,300.0,0.028546511826334074,5.45861,1.5580311216236253,0.07790155608118127,1.5580311216236253,0.07790155608118127,1.5640516850776742,109.59406458819461,1.8111110138900095,126.90566387695495,0.8935750001960029,62.61335045396105,0.005972855533148469
0.0002322775,99.66278999999999,300.0,0.03048248588991653,4.9831395,1.518749570349651,0.07593747851748256,1.518749570349651,0.07593747851748256,1.5301581247201193,100.41143769059047,1.6611396471909305,109.00665590348085,0.8337078442768447,54.70924991694762,0.022570900597841757
0.000264848,90.40501,300.0,0.03254973946383818,4.5202505,1.471069965858181,0.07355349829290905,1.471069965858181,0.07355349829290905,1.4884599973059256,91.47371917320136,1.5240490218602856,93.66085248120159,0.777840189061393,47.80238309703647,0.05589771672995527
0.0003019855,81.47677999999999,300.0,0.03475720951462861,4.0738389999999995,1.4156676802381727,0.07078338401190863,1.4156676802381727,0.07078338401190863,1.439628499867146,82.85581157413404,1.3986911598706309,80.49972003426072,0.7257046137188576,41.766917463997345,0.11458841089899904
0.0003443305,72.98982,300.0,0.03711441921538254,3.649491,1.3541764471438122,0.06770882235719061,1.3541764471438122,0.06770882235719061,1.384514961537765,74.62505941754605,1.2840250267804545,69.20867349145935,0.6770521626604802,36.49296632461001,0.20076966789534398
0.0003926135,64.98279,300.0,0.03963154766337388,3.2491394999999996,1.2873472104597836,0.06436736052298918,1.2873472104597836,0.06436736052298918,1.3241214692157122,66.83908324763804,1.1791046190322023,59.518913952696394,0.6316503467799345,31.884484236049797,0.32640473778333384
0.000447667,57.546670000000006,300.0,0.042319443184815786,2.8773335,1.2173080865045025,0.06086540432522513,1.2173080865045025,0.06086540432522513,1.2595617408351383,59.544157019938716,1.083071253345155,51.20079681858706,0.5892825733952162,27.85757374314449,0.4819339567763258
0.00051044,50.71487,300.0,0.04518968348266161,2.5357434999999997,1.1455044947909194,0.05727522473954597,1.1455044947909194,0.05727522473954597,1.1920115271457676,52.77387379325217,0.9951445002960909,44.05798859212934,0.5497467101872565,24.338911865346443,0.6593312368282348
0.0005820155,44.500910000000005,300.0,0.048254676419042325,2.2250455000000002,1.0732718716281173,0.05366359358140587,1.0732718716281173,0.05366359358140587,1.1226521537738001,46.54835720292181,0.9146135452081948,37.92248370242719,0.5128535098066989,21.264367851615397,0.846735231265428
0.0006636275,38.92133,300.0,0.051527637340215614,1.9460665,1.002318408920161,0.05011592044600806,1.002318408920161,0.05011592044600806,1.0526163968565767,40.87446641791566,0.8408329949771881,32.65064093520233,0.47842679721607795,18.577936002743108,1.0072790525546818
0.000756683,33.92311,300.0,0.05502268381123486,1.6961555000000004,0.9327994370268885,0.04663997185134443,0.9327994370268885,0.04663997185134443,0.9829371497593931,35.74646781590328,0.7732155784447906,28.119525034126035,0.44630204968060216,16.23066323109725,1.1556131525417612
0.000862787,29.48821,300.0,0.05875492313143915,1.4744105,0.8657904167872642,0.043289520839363216,0.8657904167872642,0.043289520839363216,0.9145083827386963,31.14750950585451,0.7112264114429707,24.22386916224092,0.41632545201601606,14.179750802681548,1.2665219986985048
0.0009837675,25.57434,300.0,0.06274042616576211,1.278717,0.8017462598003262,0.04008731299001631,0.8017462598003262,0.04008731299001631,0.8480642753155074,27.05180579722808,0.6543796453948892,20.87359602348035,0.3883539160527737,12.387828403388646,1.3350145342795499
0.001121715,22.129600000000003,300.0,0.06699655710384739,1.1064800000000001,0.7407490679139086,0.03703745339569543,0.7407490679139086,0.03703745339569543,0.7841696501394618,23.426773574749987,0.6022304227191871,17.991407535804594,0.36225262414534354,10.822160996925465,1.3743870334050738
0.001279005,19.10725,300.0,0.07154161465499748,0.9553625,0.6828988744723624,0.03414494372361812,0.6828988744723624,0.03414494372361812,0.723236473800147,20.235880641471358,0.5543767763889358,15.511250723383915,0.3378973236458694,9.454238216779826,1.3956203490426775
0.00145835,16.463870000000004,300.0,0.07639527420340185,0.8231935000000002,0.6282693935742071,0.03141346967871036,0.6282693935742071,0.03141346967871036,0.6655372121057218,17.44047736900751,0.5104509654177822,13.37642486163897,0.3151712546702288,8.259098115710863,1.4074602195003014
0.001662845,14.15363,300.0,0.08157861246109428,0.7076815,0.5766766141580819,0.028833830707904098,0.5766766141580819,0.028833830707904098,0.6112300910461542,15.001691313880958,0.47011755280777767,11.538303679369854,0.29396525527281003,7.21491968607271,1.4360806142770466
0.001896015,12.14741,300.0,0.08711405177490884,0.6073705,0.5284360885336448,0.02642180442668224,0.5284360885336448,0.02642180442668224,0.5603821991759687,12.88177033665775,0.43307159319047667,9.95522129541875,0.27417786506337516,6.302656105663464,1.461877681326635
0.00216188,10.404889999999998,300.0,0.0930255815816471,0.5202445,0.4832627608635131,0.024163138043175658,0.4832627608635131,0.024163138043175658,0.5129899126029935,11.044930509866555,0.3990347709350956,8.591419066381329,0.2557142481488617,5.505656216231938,1.5135610040572272
0.002465025,8.901160000000003,300.0,0.09933887691053876,0.4450580000000001,0.4413888290222029,0.022069441451110144,0.4413888290222029,0.022069441451110144,0.46899396126206067,9.457852156057655,0.36775304015303595,7.416201851188982,0.2384857829646268,4.809365285922621,1.5645771386490728
0.00281068,7.609137,300.0,0.10608142649692881,0.38045685,0.4028375207388456,0.020141876036942282,0.4028375207388456,0.020141876036942282,0.42829312183153406,8.08996399887627,0.33899447504006536,6.4032153660660756,0.22240967594277947,4.201062729385973,1.597227855906689
0.0032048,6.503524,300.0,0.11328246898391006,0.3251762,0.36758026137482486,0.018379013068741245,0.36758026137482486,0.018379013068741245,0.3907562167374275,6.913571539984523,0.3125480007374154,5.529849226248506,0.20740899127308415,3.669645773456858,1.5901237283698744
0.003654185,5.559955,300.0,0.12097346349831077,0.27799775000000004,0.33548382993478043,0.016774191496739022,0.33548382993478043,0.016774191496739022,0.35622928119145186,5.903768218849356,0.288220189015754,4.776657287269608,0.1934115129448928,3.2053983307170912,1.529546127400456
0.004166585,4.756054,300.0,0.12918799795739358,0.2378027,0.3063587207400551,0.015317936037002756,0.3063587207400551,0.015317936037002756,0.3245446338304926,5.038380497801304,0.26583464766359804,4.126939609569082,0.18034998794884788,2.799836347116337,1.4095150557288387
0.004750835,4.072057,300.0,0.13796198895314798,0.20360285000000003,0.2800043208531565,0.014000216042657826,0.2800043208531565,0.014000216042657826,0.2955267840525046,4.297797641199949,0.24523027658984145,3.5663437669709905,0.16816167655982728,2.445547733266207,1.2292827936077793
0.00541701,3.489971,300.0,0.1473339022792657,0.17449855000000003,0.25616639145714765,0.012808319572857383,0.25616639145714765,0.012808319572857383,0.26899728033334025,3.66477703067177,0.22625977742950404,3.082527950695348,0.1567879810160504,2.1360550218239753,1.0035272679890583
0.006176595,2.993941,300.0,0.15734489294201015,0.14969705000000003,0.2345699690957109,0.011728498454785546,0.2345699690957109,0.011728498454785546,0.24477833882278785,3.1242358403279358,0.20878853071173176,2.6648788198993834,0.14617423559513834,1.865699342414017,0.7575790425664162
0.007042695,2.571025,300.0,0.1680391688532051,0.12855125,0.21500127113410067,0.010750063556705033,0.21500127113410067,0.010750063556705033,0.2226949389151352,2.6630273035324135,0.19269321727831537,2.3042611624560014,0.1362692915370016,1.6295334135740902,0.5122061569189286
0.00803024,2.210052,300.0,0.17946395130427908,0.11050260000000002,0.1972495274150962,0.00986247637075481,0.1972495274150962,0.00986247637075481,0.20258157198000232,2.2697940734497437,0.1778612462454769,1.992818984859199,0.12702554824277093,1.4232382233000318,0.2922910986780278
0.00915626,1.9016240000000002,300.0,0.191669955662513,0.0950812,0.1811282924966752,0.00905641462483376,0.1811282924966752,0.00905641462483376,0.18428232585500132,1.93473746586621,0.16418944106922442,1.7237869213036063,0.1183984910933768,1.2430383410757568,0.1212885962880928
0.01044018,1.6375870000000001,300.0,0.20471166183995812,0.08187935000000002,0.16644831448651498,0.00832241572432575,0.16644831448651498,0.00832241572432575,0.16763444186031157,1.6492566091135894,0.15158327552296408,1.4913386307311325,0.11034652509527597,1.0856345139249666,0.020312521851753505
0.01190415,1.411306,300.0,0.21864755634937835,0.0705653,0.153062894156479,0.00765314470782395,0.153062894156479,0.00765314470782395,0.15250525460373854,1.406164322450016,0.13995619808959583,1.2904566007951332,0.10283083376904917,0.9481447053712244,0.005309178048217335
0.0135734,1.217408,300.0,0.23354023966987328,0.06087040000000001,0.14086816670994212,0.007043408335497107,0.14086816670994212,0.007043408335497107,0.1387639715138583,1.1992231671516487,0.1292290801316284,1.1168209231318258,0.0958152908708458,0.8280529544242449,0.08924960765070689
0.01547665,1.050929,300.0,0.24945667276296887,0.05254645,0.12972535487573197,0.006486267743786599,0.12972535487573197,0.006486267743786599,0.12628028901343546,1.0230198867424904,0.11932954404726696,0.9667106211902943,0.08926626894606356,0.7231624908413903,0.28210144757279865
0.0176468,0.9079945,300.0,0.2664701961882211,0.045399725,0.11955012424257669,0.005977506212128835,0.11955012424257669,0.005977506212128835,0.11493775447703607,0.8729631154187564,0.11019046944506619,0.8369070366294561,0.08315186584004743,0.6315462850904492,0.5953990824337085
0.0201213,0.7850705,300.0,0.28465925478455767,0.039253525000000004,0.11023584495648538,0.0055117922478242695,0.11023584495648538,0.0055117922478242695,0.10465409992787371,0.7453187898170331,0.10175069757735473,0.7246415270272132,0.07744256093578127,0.551525414071382,1.0255440262087474
1.220165e-06,899.5591,600.0,0.0022092220316210737,44.977955,0.9936620829440264,0.04968310414720132,0.9936620829440264,0.04968310414720132,1.0619417442829349,961.3724586423596,41.47171952970954,37544.21481502723,11.501326548084421,10412.114073777868,1.8887099672990206
1.39126e-06,895.9842,600.0,0.002359034247470928,44.799209999999995,1.056827726280568,0.052841386314028405,1.056827726280568,0.052841386314028405,1.1290780693570288,957.2384273743318,37.83865061805958,32079.810417560002,10.737576006901277,9103.374380933416,1.8695256210943252
1.586345e-06,892.1676,600.0,0.0025190044373579615,44.608380000000004,1.123685883263005,0.05618429416315025,1.123685883263005,0.05618429416315025,1.1997589002845364,952.5669358213022,34.53067069976122,27416.154339446926,10.024450548399201,7959.065892252316,1.8332910681756982
1.80879e-06,890.1878,600.0,0.0026898260840260277,44.50939,1.197223738374566,0.059861186918728305,1.197223738374566,0.059861186918728305,1.2740269502608963,947.2943207200528,31.518170555519596,23435.127459914067,9.358582557414445,6958.5122236331035,1.6461451148450004
2.062425e-06,886.0772,600.0,0.0028722300867943832,44.30386,1.272507046894811,0.06362535234474055,1.272507046894811,0.06362535234474055,1.3518871593079747,941.3514775879933,28.774422536747384,20036.32106807941,8.736864108282141,6083.688184468714,1.5565497943322513
2.35162e-06,880.7122,600.0,0.0030669997348430574,44.035610000000005,1.3505699245810423,0.06752849622905212,1.3505699245810423,0.06752849622905212,1.4333041355173193,934.6635190711365,26.27508008974512,17134.087743138574,8.156378137746245,5318.8077144208255,1.5010532569739183
2.68137e-06,877.8881,600.0,0.003274979326081065,43.894405000000006,1.4375301193506902,0.07187650596753452,1.4375301193506902,0.07187650596753452,1.5181953758297166,927.1497243605187,23.997936693311942,14655.347226482992,7.614379070641712,4650.040152219373,1.2595027602621354
3.05736e-06,875.7372999999999,600.0,0.003497063405673159,43.786865,1.5312513113412018,0.07656256556706009,1.5312513113412018,0.07656256556706009,1.6064154857602237,918.7244117006841,21.922907094167474,12537.920669587009,7.108323447015047,4065.3183033444957,0.963804228585717
3.48607e-06,874.2654,600.0,0.003734206234746547,43.71327,1.6323398601070012,0.08161699300535007,1.6323398601070012,0.08161699300535007,1.6977481200448785,909.2974297478638,20.031744307080263,10728.807999689017,6.635836378731287,3554.0896156305143,0.6422498494879484
3.974895e-06,868.902,600.0,0.003987430383888167,43.44510000000001,1.7323385271201672,0.08661692635600837,1.7323385271201672,0.08661692635600837,1.7918965649969962,898.7749707947336,18.30783957682749,9182.800113803096,6.194692435389558,3107.11824636426,0.4727975595561572
4.532265e-06,862.1204,600.0,0.0042578266038823245,43.10602000000001,1.8353740418137072,0.09176870209068537,1.8353740418137072,0.09176870209068537,1.8884705270688673,887.0611271018925,16.736112583800256,7861.364357606747,5.78281591552721,2716.331089271621,0.3347667905087634
5.167795e-06,854.0523,600.0,0.00454656085499467,42.702615,1.941493688793844,0.09707468443969221,1.941493688793844,0.09707468443969221,1.986975800739851,874.0596286565648,15.30285497937328,6731.6409871100905,5.398266900399324,2374.667653524093,0.21951756198368172
5.89244e-06,842.1891000000002,600.0,0.004854874488034057,42.10945500000001,2.044353156988447,0.10221765784942237,2.044353156988447,0.10221765784942237,2.0868022870516247,859.6763890828485,13.9956266524283,5765.6203743721435,5.039238396405666,2075.958175448605,0.1724589500074119
6.718695e-06,829.3717,600.0,0.005184094924681351,41.468585000000004,2.1497611812106165,0.10748805906053083,2.1497611812106165,0.10748805906053083,2.1872171729441634,843.82211421845,12.803111329898565,4939.40364249554,4.704040075855184,1814.805174025475,0.12142892756355542
7.66081e-06,814.1228999999998,600.0,0.005535640726321139,40.70614499999999,2.25333443242017,0.1126667216210085,2.25333443242017,0.1126667216210085,2.2873584357705146,826.4156692750167,11.71502032416511,4232.601331895782,4.391092365219724,1586.4883610290235,0.09119678120698832
8.735025e-06,797.9970000000001,600.0,0.005911023746748586,39.89985,2.3584758740906087,0.11792379370453043,2.3584758740906087,0.11792379370453043,2.3862311865654617,807.3880886824466,10.7220099162024,3627.8224598752263,4.098922558463985,1386.8820710950895,0.05539739684246186
9.95986e-06,779.5906,600.0,0.006311859651945859,38.979530000000004,2.4603168901834436,0.12301584450917219,2.4603168901834436,0.12301584450917219,2.482711073104482,786.6865536023915,9.815581369923251,3110.2233212554743,3.826153959010721,1212.3778333185123,0.03313968208143828
1.135645e-05,759.0165,600.0,0.006739879224411135,37.950825,2.5578204043186696,0.1278910202159335,2.5578204043186696,0.1278910202159335,2.5755530513551768,764.2785471971605,8.987997905473268,2667.129678339104,3.5714977248164845,1059.8186245880145,0.019225030416707076
1.29489e-05,737.0651999999999,600.0,0.007196931538287445,36.85325999999999,2.652280995508964,0.1326140497754482,2.652280995508964,0.1326140497754482,2.6634046929277524,740.156460042432,8.232227681953036,2287.7246238684756,3.3337509100794875,926.4447415068827,0.007035893519191103
1.476465e-05,711.7347,600.0,0.007684978247343092,35.586735000000004,2.7348059244034726,0.13674029622017364,2.7348059244034726,0.13674029622017364,2.7448261077170093,714.3424580500198,7.541896761111948,1962.7826533511102,3.1117965927161686,809.846722436423,0.0053698023521805294
1.6835e-05,684.1604,600.0,0.00820611832067986,34.20802,2.8071190907042505,0.14035595453521252,2.8071190907042505,0.14035595453521252,2.8183236019206594,686.8912007348201,6.911199015959463,1684.4204077042484,2.904588839764135,707.9160513813528,0.006372709875421588
1.919565e-05,654.3954,600.0,0.008762596150824118,32.719770000000004,2.8670646159024664,0.14335323079512333,2.8670646159024664,0.14335323079512333,2.8823866534891796,657.8925904224824,6.334849280044582,1445.9026160628082,2.711149529412994,618.808439446899,0.011423996893102086
2.18873e-05,623.0884999999998,600.0,0.00935680708073451,31.154424999999996,2.9150169090509386,0.14575084545254693,2.9150169090509386,0.14575084545254693,2.935531604930267,627.473541830707,5.808041262958684,1241.4760639084145,2.5305657087444637,540.9115764362351,0.01981107312468429
2.49564e-05,590.1099,600.0,0.009991317752941625,29.505495000000007,2.9479387124239396,0.147396935621197,2.9479387124239396,0.147396935621197,2.9763522883744082,595.7976479820423,5.326395963082434,1066.2226374952415,2.361982581754281,472.8148856170371,0.03715992938842085
2.845585e-05,555.9192000000002,600.0,0.010668855592966611,27.795960000000004,2.965454575444353,0.14827272877221764,2.965454575444353,0.14827272877221764,3.0035721307971612,563.0649108306958,4.88593950353872,915.9430741402068,2.2046056028329444,413.2865811504677,0.06608874710933564
3.2446e-05,521.1168,600.0,0.011392339693038855,26.05584,2.9683055945791743,0.1484152797289587,2.9683055945791743,0.1484152797289587,3.016101283662063,529.5078284015757,4.483050570349225,787.0459738798465,2.05769105774133,361.2489837155059,0.10370990220236168
3.699565e-05,485.4717999999999,600.0,0.012164884912735352,24.27359,2.952781458820833,0.14763907294104167,2.952781458820833,0.14763907294104167,3.0130908724066297,495.3873728179535,4.114434532488842,676.4611490303711,1.9205449431950181,315.76004643639186,0.16686589889906797
4.21833e-05,450.2212,600.0,0.012989825735080921,22.51106,2.924065231197137,0.14620326155985686,2.924065231197137,0.14620326155985686,2.9939845560498903,460.9867472260133,3.7770889904998177,581.5621073246054,1.792517937926862,275.99575017160356,0.22870745954881208
4.80984e-05,415.02850000000007,600.0,0.013870713200377851,20.751425000000005,2.8782783494677764,0.14391391747338883,2.8782783494677764,0.14391391747338883,2.958564437134721,426.6052172210575,3.468284802307519,500.10348698229717,1.673005354992498,241.23619006580634,0.31122537585990756
5.484285e-05,380.5249999999999,600.0,0.014811327099046718,19.026249999999997,2.8179370885277972,0.14089685442638986,2.8179370885277972,0.14089685442638986,2.9069888344673536,392.55025626338704,3.1855397935930747,430.16486595529165,1.561443751812388,210.85225290420735,0.3994682641220718
6.253305e-05,346.7176,600.0,0.015815733116644838,17.33588,2.7416822113364185,0.13708411056682093,2.7416822113364185,0.13708411056682093,2.8398143100041886,359.12754510318086,2.9265845702156916,370.1006536011359,1.45730352647482,184.2929786251899,0.5124457981993298
7.13016e-05,313.981,600.0,0.016888255647502633,15.69905,2.651169669280853,0.13255848346404264,2.651169669280853,0.13255848346404264,2.7580056841848823,326.63370917371395,2.6893571660046263,318.5035881043213,1.3600922242128037,161.07724888328198,0.6495615451711991
8.12997e-05,282.6358,600.0,0.018033513613187814,14.131790000000004,2.5483201460110485,0.12741600730055244,2.5483201460110485,0.12741600730055244,2.662922832741937,295.3464565072039,2.4719785757126105,274.16870812838806,1.2693498500331828,140.78439512617393,0.8089871339997804
9.26998e-05,252.81810000000002,600.0,0.019256444589721075,12.640905000000002,2.4340384325574367,0.12170192162787184,2.4340384325574367,0.12170192162787184,2.556283545677026,265.51542507908965,2.2727357158234627,236.0639494393312,1.1846465172872098,123.0465705331882,1.0089465095731731
0.0001056987,224.83210000000003,600.0,0.02056233685957577,11.241605000000002,2.311373801945257,0.11556869009726285,2.311373801945257,0.11556869009726285,2.440099377828885,237.3535024340279,2.0900655161940267,203.3049863020887,1.1055800466288297,107.54205286590201,1.2406500722513736
0.00012052,198.9468,600.0,0.02195676132778978,9.94734,2.183938213188057,0.10919691065940285,2.183938213188057,0.10919691065940285,2.316595322733883,211.03125700616488,1.9225526389837837,175.13576759987004,1.0317791017447562,93.99036536814246,1.4758436706166806
0.0001374195,175.2035,600.0,0.023445749735738663,8.760175,2.0537005405587787,0.10268502702793894,2.0537005405587787,0.10268502702793894,2.1880869065672424,186.66815183797326,1.7688959162118723,150.90649758104627,0.9628922653811253,82.14542075925094,1.7127586788664333
0.000156689,153.72500000000002,600.0,0.025035749199750143,7.686250000000001,1.9241092564977327,0.09620546282488664,1.9241092564977327,0.09620546282488664,2.05686728394856,164.33158468377496,1.6279095233406593,130.06038541233832,0.8985917040110255,71.79218603756958,1.9042418933085605
0.00017866,134.4067,600.0,0.026733547524596408,6.7203349999999995,1.7963699608134465,0.08981849804067232,1.7963699608134465,0.08981849804067232,1.925098785444802,144.03835544459693,1.4985197999273396,112.1211696847176,0.8385750008185503,62.74325502051947,2.0540926610800225
0.000203712,117.1672,600.0,0.028546511826334074,5.85836,1.672130304541812,0.08360651522709062,1.672130304541812,0.08360651522709062,1.7946974983095285,125.75555873413339,1.3797379766323676,96.67908955216089,0.7825555164123329,54.8341468685429,2.1491574884985862
0.0002322775,101.8516,600.0,0.03048248588991653,5.092580000000001,1.5521045892797556,0.07760522946398779,1.5521045892797556,0.07760522946398779,1.6672773791021822,109.40942374519064,1.2706644995547254,83.38304856305092,0.7302668674096746,47.92128661070338,2.2025095437689846
0.000264848,88.34386,600.0,0.03254973946383818,4.417193,1.437530941194298,0.0718765470597149,1.437530941194298,0.0718765470597149,1.5441243969774456,94.8945901893614,1.1704836866751092,71.93239740773927,0.6814629623569985,41.879494080061576,2.1993111385703497
0.0003019855,76.46891,600.0,0.03475720951462861,3.8234455,1.328655408694865,0.06643277043474326,1.328655408694865,0.06643277043474326,1.4261888187327445,82.08230946036568,1.0784452098762434,62.06841078151725,0.635911307372919,36.598988882488875,2.1554705275308796
0.0003443305,66.05546,600.0,0.03711441921538254,3.3027729999999997,1.2255236159953566,0.061276180799767835,1.2255236159953566,0.061276180799767835,1.3141264915909259,70.83113598730816,0.9938651271996168,53.56911714982238,0.593395433780151,31.98388658419449,2.0907988682980245
0.0003926135,56.93309000000001,600.0,0.03963154766337388,2.8466545000000005,1.1278779288232441,0.05639389644116221,1.1278779288232441,0.05639389644116221,1.208339959553497,60.994657231772806,0.9161185877225216,46.243889230013565,0.553713161033845,27.950366281407025,2.0357187352115687
0.000447667,48.98266,600.0,0.042319443184815786,2.4491330000000002,1.036150104193703,0.05180750520968515,1.036150104193703,0.05180750520968515,1.1090519812882937,52.429002228440844,0.8446354574957519,39.92905204661785,0.516676107190707,24.425196683582755,1.98012251921643
0.00051044,42.05806,600.0,0.04518968348266161,2.102903,0.9499718085087505,0.047498590425437526,0.9499718085087505,0.047498590425437526,1.0163011627416323,44.99465657592049,0.7788947971793551,34.48397501909173,0.4821084419195289,21.344365796062764,1.9500695233569243
0.0005820155,36.05219,600.0,0.048254676419042325,1.8026095000000004,0.8695058469049846,0.04347529234524923,0.8695058469049846,0.04347529234524923,0.9300286732736728,38.56163883619558,0.7184194990853758,29.787719510943198,0.4498455166055739,18.651876917263014,1.9379982473973565
0.0006636275,30.876139999999996,600.0,0.051527637340215614,1.5438069999999997,0.7951353028890878,0.03975676514445439,0.7951353028890878,0.03975676514445439,0.8500767239918134,33.00958697890157,0.6627741295835412,25.736383152709845,0.4197340351635677,16.298819566162535,1.9097551797442605
0.000756683,26.42656,600.0,0.05502268381123486,1.3213279999999998,0.726663336308413,0.03633316681542065,0.726663336308413,0.03633316681542065,0.7762230049105068,28.22889608942874,0.6115603433010736,22.240610332660463,0.3916308190309905,14.242435003737492,1.8605882829892502
0.000862787,22.61467,600.0,0.05875492313143915,1.1307335,0.6639794197344105,0.033198970986720526,0.6639794197344105,0.033198970986720526,0.7081951883906711,24.120627846340543,0.5644133578787597,19.223520266826366,0.36540198692483306,12.445333554095342,1.7738018885434268
0.0009837675,19.35933,600.0,0.06274042616576211,0.9679665000000002,0.6069079561677936,0.03034539780838968,0.6069079561677936,0.03034539780838968,0.6456890191310931,20.596379849202712,0.5210001503419249,16.61901732876669,0.34092297781858183,10.87486226716704,1.6332540616942053
0.001121715,16.57963,600.0,0.06699655710384739,0.8289815000000001,0.5549736763817456,0.02774868381908728,0.5549736763817456,0.02774868381908728,0.5883772137268385,17.57754812376318,0.48101398880591284,14.370112130760686,0.3180764067444394,9.502413105310612,1.449105960887371
0.001279005,14.21083,600.0,0.07154161465499748,0.7105415,0.5078993477511459,0.025394967387557296,0.5078993477511459,0.025394967387557296,0.53592636124311,14.9950151459458,0.44417648910094176,12.427888723541082,0.29675407809914783,8.303065901435188,1.218030957001566
0.00145835,12.18876,600.0,0.07639527420340185,0.609438,0.46512908894576743,0.023256454447288372,0.46512908894576743,0.023256454447288372,0.4880000439649096,12.788095944201983,0.41023152686896863,10.75016322194035,0.2768543016955585,7.254998060824816,0.9671227266295539
0.001662845,10.4639,600.0,0.08157861246109428,0.5231950000000001,0.4263419647743197,0.021317098238715984,0.4263419647743197,0.021317098238715984,0.44426797711877475,10.903866074346999,0.3789442345081684,9.30059647674839,0.2582819889899873,6.339129449813708,0.7071494518433418
0.001896015,8.990277,600.0,0.08711405177490884,0.4495138500000001,0.39109462944891055,0.01955473147244553,0.39109462944891055,0.01955473147244553,0.4044080954452774,9.29631993213148,0.35010004953372387,8.047915225675741,0.2409487482185188,5.538802699336774,0.4635307539969385
0.00216188,7.729095999999999,600.0,0.0930255815816471,0.38645480000000004,0.3589835425400111,0.017949177127000556,0.3589835425400111,0.017949177127000556,0.3681040322633078,7.9254647252613175,0.3235021251244276,6.965163259572072,0.22477194526386404,4.839452891792439,0.25819464461713243
0.002465025,6.651949000000001,600.0,0.09933887691053876,0.33259745,0.32985543230606046,0.016492771615303024,0.32985543230606046,0.016492771615303024,0.3350732826931567,6.757173505238374,0.29896985252923786,6.029102500021104,0.20967434804195317,4.228346521482153,0.10009121344225291
0.00281068,5.726618,600.0,0.10608142649692881,0.2863309,0.30317453836597325,0.015158726918298664,0.30317453836597325,0.015158726918298664,0.30504876734528436,5.76202002771279,0.27633750737825474,5.219697380777988,0.19558379150520874,3.694352655663786,0.015286914575779091
0.0032048,4.934414,600.0,0.11328246898391006,0.24672070000000001,0.2788939024214557,0.013944695121072784,0.2788939024214557,0.013944695121072784,0.2777321044942628,4.913858541786904,0.25545355438489814,4.5196886133485785,0.1824332071921807,3.2277542241624264,0.006941337283445486
0.003654185,4.254226,600.0,0.12097346349831077,0.21271130000000002,0.25669704734806686,0.012834852367403345,0.25669704734806686,0.012834852367403345,0.25294792481053907,4.192091999079023,0.2361783924128594,3.914171464070624,0.17015962893409528,2.820046140149855,0.08532523938686278
0.004166585,3.668828,600.0,0.12918799795739358,0.1834414,0.23632562891323244,0.011816281445661624,0.23632562891323244,0.011816281445661624,0.23039791897233788,3.5768034984381445,0.21838411081646628,3.3902956027368574,0.15870440890794343,2.4638004003310625,0.25165886596306125
0.004750835,3.166566,600.0,0.13796198895314798,0.1583283,0.21774060683990826,0.010887030341995414,0.21774060683990826,0.010887030341995414,0.20993340375851188,3.0530271236671087,0.20195332794568036,2.936974187501124,0.14801282617378447,2.1525263005738644,0.5142473782240743
0.00541701,2.733756,600.0,0.1473339022792657,0.13668780000000003,0.20065966440532776,0.010032983220266389,0.20065966440532776,0.010032983220266389,0.19136261608346183,2.6070944623785106,0.18677820278365106,2.544637129949598,0.13803376363086972,1.880550486550364,0.8586773447023126
0.006176595,2.361854,600.0,0.15734489294201015,0.11809270000000002,0.18504707333530662,0.009252353666765332,0.18504707333530662,0.009252353666765332,0.17450090970902,2.227247716871895,0.17275971646393387,2.205023943447346,0.128719526325785,1.6429156249327983,1.2992255727693898
0.007042695,2.041233,600.0,0.1680391688532051,0.10206165000000002,0.1706975582426751,0.008534877912133755,0.1706975582426751,0.008534877912133755,0.15915837420874096,1.9032453012559247,0.15980672805754095,1.9109984365993495,0.12002547953737451,1.4352869027230328,1.8279132183691487
0.00803024,1.765059,600.0,0.17946395130427908,0.08825295,0.15753342166146417,0.007876671083073208,0.15753342166146417,0.007876671083073208,0.14522334472978402,1.6271326358685365,0.14783565950688168,1.6564019151079474,0.11191007833755358,1.253879264965672,2.442508666060313
0.00915626,1.5273860000000001,600.0,0.191669955662513,0.0763693,0.1454823972369547,0.007274119861847735,0.1454823972369547,0.007274119861847735,0.13255069186071375,1.3916190197815994,0.1367695681862767,1.4359120253807636,0.10433446398105803,1.0953833771560424,3.160462902602816
0.01044018,1.3219070000000002,600.0,0.20471166183995812,0.06609535000000001,0.13436183363566367,0.006718091681783184,0.13436183363566367,0.006718091681783184,0.12107100547117541,1.1911463642522397,0.12653764551125674,1.244929418114536,0.09726231971489831,0.9569067181384109,3.913922604354614
0.01190415,1.144909,600.0,0.21864755634937835,0.05724545,0.12417086378560015,0.006208543189280008,0.12417086378560015,0.006208543189280008,0.11058234837035293,1.0196170182802151,0.11707477470753676,1.0794799935278823,0.0906597486543757,0.8359220432850832,4.790320923412535
0.0135734,0.9920104,600.0,0.23354023966987328,0.04960052,0.1147870610388599,0.005739353051942995,0.1147870610388599,0.005739353051942995,0.10108519088578227,0.8735963769534386,0.10832117829659735,0.9361310799141455,0.08449519800101218,0.730222678483657,5.699461356788091
0.01547665,0.8603031,600.0,0.24945667276296887,0.043015155,0.1061947333722757,0.005309736668613785,0.1061947333722757,0.005309736668613785,0.09244883179596657,0.748945018832851,0.10022195770426676,0.8119165439098828,0.07873929254753834,0.6378815155831348,6.70193935281302
0.0176468,0.7463553,600.0,0.2664701961882211,0.03731776500000001,0.09826807193667539,0.00491340359683377,0.09826807193667539,0.00491340359683377,0.08458349499962513,0.642419643952867,0.09272594701340507,0.7042623370647914,0.07336415629916664,0.5572077054610003,7.757072890353891
0.0201213,0.648043,600.0,0.28465925478455767,0.032402150000000005,0.09099509874990291,0.004549754937495146,0.09099509874990291,0.004549754937495146,0.07717766107689292,0.5496388674154419,0.08578635611662447,0.6109477141146021,0.06834399052606319,0.4867278046943031,9.223144622177042
